source_row,source_column,x_m,y_m,z_m
0,40,-1.296053820290567,-1.218078304212125,4.755082314090215
0,640,1.1406066712334721,-0.884149079989093,3.4515036009894486
20,540,0.9389910250811717,-0.9639014322026439,4.083246632110092
40,440,0.5479365359207397,-0.9140726748471806,4.232571200612899
60,240,-0.3175324648191916,-0.8691834049214054,4.437765184510692
80,120,-0.8778035789071877,-0.8028937067180928,4.5681340286198555
100,60,-1.2120436696014227,-0.7473046120586943,4.800917168442928
100,620,1.1110861328616466,-0.557246717202697,3.5799261619795386
120,540,0.9606116915325416,-0.5662607486608128,4.177265116966111
140,500,0.4117085248784631,-0.25049834069956733,2.1696278457182383
160,400,0.20003474768404436,-0.2137072162782109,2.241154111513451
180,340,0.11553277888037304,-0.30030020079236586,3.9904388955752315
200,180,-0.319268157007143,-0.1335473588688497,2.4213547393736956
220,40,-1.2700125066958001,-0.1633310085290898,4.6595395304715606
220,600,1.0807808871511972,-0.13051759479919917,3.723431930444635
240,500,0.7293961058409272,-0.05747258240740805,3.843782691305905
260,420,0.2583469804700944,0.012163845900983251,2.3624358904682015
280,280,-0.07599904948139011,0.06121001891837797,2.4241779327058834
300,80,-0.8296753213509077,0.1619315443171593,3.570647432608615
300,700,1.4056573850536977,0.16313358089174837,3.5971527613082017
320,500,0.6412466137924421,0.22117772767961558,3.3792511575205175
340,340,0.07010750511917725,0.20716357684797856,2.421474823080108
360,160,-0.39965466774738034,0.2778759442408568,2.630066220036331
380,40,-0.770082274720765,0.35530048511534684,2.8253491850347072
380,620,0.7209935608675533,0.2921335245523283,2.32304556310212
400,440,0.3528704262299608,0.3975685705417453,2.7257704235750686
420,240,-0.18525451432844978,0.42967400122844396,2.589077102488901
440,40,-0.6628558606738546,0.45248168461400545,2.4319469844042825
440,580,0.6708959799555627,0.4620351274234437,2.4832937399108874
460,380,0.16433686361964556,0.48991048114657737,2.376379785349567
480,180,-0.2972289143234495,0.5100353287083756,2.2542073945692014
480,740,0.9808295782642522,0.5149339846308087,2.275858024990751
