example_index,source_id,partition
4,5,train
7,8,train
12,13,train
14,15,train
15,16,train
16,17,train
17,18,train
18,19,train
21,22,train
23,24,train
24,25,train
25,26,train
28,29,train
30,31,train
32,33,train
33,34,train
34,35,train
37,38,train
39,40,train
40,41,train
41,42,train
43,44,train
45,46,train
46,47,train
48,49,train
50,51,train
51,52,train
52,53,train
55,56,train
56,57,train
58,59,train
59,60,train
60,61,train
61,62,train
63,64,train
64,65,train
65,66,train
67,68,train
69,70,train
71,72,train
74,75,train
75,76,train
76,77,train
77,78,train
79,80,train
81,82,train
87,88,train
88,89,train
89,90,train
92,93,train
94,95,train
95,96,train
96,97,train
97,98,train
99,100,train
100,101,train
102,103,train
104,105,train
106,107,train
114,115,train
117,118,train
119,120,train
121,122,train
122,123,train
123,124,train
126,127,train
127,128,train
128,129,train
129,130,train
130,131,train
131,132,train
133,134,train
134,135,train
135,136,train
137,138,train
138,139,train
140,141,train
141,142,train
142,143,train
143,144,train
145,146,train
147,148,train
148,149,train
150,151,train
152,153,train
153,154,train
154,155,train
155,156,train
158,159,train
160,161,train
161,162,train
162,163,train
163,164,train
164,165,train
165,166,train
166,167,train
167,168,train
168,169,train
169,170,train
170,171,train
171,172,train
173,174,train
174,175,train
176,177,train
179,180,train
180,181,train
181,182,train
184,185,train
185,186,train
186,187,train
187,188,train
188,189,train
191,192,train
192,193,train
194,195,train
195,196,train
196,197,train
198,199,train
199,200,train
201,202,train
202,203,train
203,204,train
204,205,train
205,206,train
207,208,train
209,210,train
2,3,validation
5,6,validation
6,7,validation
9,10,validation
11,12,validation
13,14,validation
19,20,validation
22,23,validation
36,37,validation
38,39,validation
42,43,validation
53,54,validation
54,55,validation
57,58,validation
62,63,validation
66,67,validation
68,69,validation
73,74,validation
78,79,validation
80,81,validation
86,87,validation
90,91,validation
93,94,validation
105,106,validation
107,108,validation
108,109,validation
110,111,validation
112,113,validation
113,114,validation
115,116,validation
116,117,validation
118,119,validation
120,121,validation
124,125,validation
132,133,validation
149,150,validation
151,152,validation
157,158,validation
175,176,validation
182,183,validation
190,191,validation
208,209,validation
0,1,test
1,2,test
3,4,test
8,9,test
10,11,test
20,21,test
26,27,test
27,28,test
29,30,test
31,32,test
35,36,test
44,45,test
47,48,test
49,50,test
70,71,test
72,73,test
82,83,test
83,84,test
84,85,test
85,86,test
91,92,test
98,99,test
101,102,test
103,104,test
109,110,test
111,112,test
125,126,test
136,137,test
139,140,test
144,145,test
146,147,test
156,157,test
159,160,test
172,173,test
177,178,test
178,179,test
183,184,test
189,190,test
193,194,test
197,198,test
200,201,test
206,207,test
