source_row,player_id,team_id,season_id,position_group,minutes_full_all,count_match,total_distance_full_all,total_metersperminute_full_all,running_distance_full_all,hsr_distance_full_all,sprint_distance_full_all
1,211,871,95,Center Forward,96.78,24,10515.04,108.64,1413.42,572.67,184.08
2,218,868,95,Full Back,89.05,6,9173.67,103.02,1088.83,430.67,141.33
3,2759,1804,95,Central Defender,96.46,8,9563.5,99.14,1041.12,281.25,38.25
4,2858,869,95,Center Forward,94.25,4,10521.25,111.64,1425.5,406.75,71.25
5,2858,869,95,Midfield,67.57,1,7843.0,116.08,1307.0,318.0,10.0
6,2858,869,95,Wide Attacker,94.89,4,10349.25,109.07,1593.75,551.75,95.75
7,4322,4177,95,Central Defender,99.07,3,10025.0,101.19,1174.33,412.67,177.33
8,4322,4177,95,Full Back,97.97,21,9934.52,101.4,1264.05,557.29,180.95
9,4792,866,95,Full Back,94.38,6,9914.5,105.05,1248.83,469.0,83.17
10,5468,2902,95,Central Defender,88.38,4,8934.5,101.1,931.75,247.75,41.5
11,5468,2902,95,Midfield,87.22,20,10833.15,124.21,1920.25,529.65,105.5
12,5521,2902,95,Center Forward,63.18,1,7734.0,122.41,1212.0,516.0,36.0
