trial,method,seconds,rows
0,loop,0.027479463999952713,13815
0,array,0.00014457800011768995,13815
1,array,0.00014810400011810998,13815
1,loop,0.024478382999859605,13815
2,loop,0.025166921999925762,13815
2,array,0.00014463899992733786,13815
3,array,0.00012345599998297985,13815
3,loop,0.026403671000025497,13815
4,loop,0.030984016999809683,13815
4,array,0.00014811400001235597,13815
5,array,0.00012389699986670166,13815
5,loop,0.02416113399999631,13815
6,loop,0.024538544000051843,13815
6,array,0.00019787899987022683,13815
7,array,0.0001251790001788322,13815
7,loop,0.024305411999876014,13815
