row_id,year,volume
0,1871,1120
1,1872,1160
2,1873,963
3,1874,1210
4,1875,1160
5,1876,1160
6,1877,813
7,1878,1230
8,1879,1370
9,1880,1140
10,1881,995
11,1882,935
12,1883,1110
13,1884,994
14,1885,1020
15,1886,960
16,1887,1180
17,1888,799
18,1889,958
19,1890,1140
20,1891,1100
21,1892,1210
22,1893,1150
23,1894,1250
24,1895,1260
25,1896,1220
26,1897,1030
27,1898,1100
28,1899,774
29,1900,840
30,1901,874
31,1902,694
32,1903,940
33,1904,833
34,1905,701
35,1906,916
36,1907,692
37,1908,1020
38,1909,1050
39,1910,969
40,1911,831
41,1912,726
42,1913,456
43,1914,824
44,1915,702
45,1916,1120
46,1917,1100
47,1918,832
48,1919,764
49,1920,821
50,1921,768
51,1922,845
52,1923,864
53,1924,862
54,1925,698
55,1926,845
56,1927,744
57,1928,796
58,1929,1040
59,1930,759
60,1931,781
61,1932,865
62,1933,845
63,1934,944
64,1935,984
65,1936,897
66,1937,822
67,1938,1010
68,1939,771
69,1940,676
70,1941,649
71,1942,846
72,1943,812
73,1944,742
74,1945,801
75,1946,1040
76,1947,860
77,1948,874
78,1949,848
79,1950,890
80,1951,744
81,1952,749
82,1953,838
83,1954,1050
84,1955,918
85,1956,986
86,1957,797
87,1958,923
88,1959,975
89,1960,815
90,1961,1020
91,1962,906
92,1963,901
93,1964,1170
94,1965,912
95,1966,746
96,1967,919
97,1968,718
98,1969,714
99,1970,740
