source_id,observed,predicted,score
16,34.05,33.292344249048625,0.7576557509513719
9,32.71,36.7850924179829,4.075092417982901
51,45.69,44.75890534412311,0.9310946558768904
99,49.97,44.630003688079825,5.339996311920174
89,37.92,37.036644156652024,0.883355843347978
6,25.21,27.835584575847506,2.6255845758475047
37,33.11,35.246487014200966,2.1364870142009664
69,46.36,43.68757795826913,2.6724220417308686
28,39.4,38.2530520275287,1.1469479724712954
43,33.51,33.95400853688795,0.4440085368879494
7,38.86,35.92558325897629,2.9344167410237105
4,42.08,37.85619087810686,4.22380912189314
2,41.14,36.88990200197354,4.250097998026462
100,50.23,44.69952168914565,5.530478310854349
13,31.37,30.78121811765093,0.5887818823490711
8,36.59,31.9638922806899,4.626107719310102
41,35.66,35.79245721257425,0.13245721257425203
85,33.78,34.90955291750159,1.1295529175015915
90,38.19,37.069556083795,1.120443916204998
57,31.5,32.54223428629003,1.0422342862900322
47,37.39,36.38850555780614,1.0014944421938594
48,43.01,38.94107309521548,4.068926904784519
96,41.01,39.37363358867911,1.6363664113208856
92,32.84,36.03791256611439,3.1979125661143897
18,41.01,40.9585325115881,0.051467488411894635
