source_id,observed_mpa,predicted_mpa,lower_mpa,upper_mpa,covered
35,34.45,32.46262247570355,27.122626163783373,37.80261878762372,True
91,35.52,36.556413692325215,31.21641738040504,41.89641000424539,True
14,33.91,29.527110035183178,24.187113723263003,34.86710634710335,True
76,28.7,29.647499231922605,24.30750292000243,34.98749554384278,True
94,41.54,39.444432452358605,34.10443614043843,44.78442876427878,True
86,30.97,34.35383644551259,29.013840133592417,39.693832757432766,True
81,26.42,31.020580897489026,25.68058458556885,36.3605772094092,True
95,41.81,39.533732300151385,34.19373598823121,44.87372861207156,True
24,17.19,20.088655751266366,14.748659439346191,25.42865206318654,True
34,35.52,38.24580369675581,32.90580738483563,43.58580000867598,True
77,32.57,34.78226799153253,29.442271679612354,40.1222643034527,True
79,30.83,31.98607899200228,26.646082680082106,37.32607530392245,True
52,32.04,32.92978750500538,27.589791193085205,38.26978381692555,True
27,42.08,40.32710439239172,34.98710808047154,45.66710070431189,True
50,52.65,46.39005979761896,41.050063485698786,51.730056109539134,False
103,48.77,48.95464800929727,43.6146516973771,54.29464432121745,True
53,36.46,37.149892179194204,31.80989586727403,42.48988849111438,True
20,29.23,27.802452123042293,22.46245581112212,33.14244843496247,True
21,29.77,30.781400535001335,25.44140422308116,36.12139684692151,True
64,30.43,27.19870128719362,21.858704975273447,32.538697599113796,True
32,43.95,43.70741829640288,38.367421984482704,49.04741460832305,True
40,33.78,37.240029140809625,31.90003282888945,42.5800254527298,True
15,32.44,35.33718036642307,29.997184054502895,40.677176678343244,True
46,31.77,30.963560977674334,25.62356466575416,36.30355728959451,True
39,34.99,37.52943999583903,32.18944368391885,42.8694363077592,True
56,19.19,21.37791485124203,16.037918539321854,26.717911163162203,True
