source_observation,temperature_K,expansion_response
1,24.41,.591
2,34.82,1.547
3,44.09,2.902
4,45.07,2.894
5,54.98,4.703
6,65.51,6.307
7,70.53,7.03
8,75.70,7.898
9,89.57,9.470
10,91.14,9.484
11,96.40,10.072
12,97.19,10.163
13,114.26,11.615
14,120.25,12.005
15,127.08,12.478
16,133.55,12.982
17,133.61,12.970
18,158.67,13.926
19,172.74,14.452
20,171.31,14.404
21,202.14,15.190
22,220.55,15.550
23,221.05,15.528
24,221.39,15.499
25,250.99,16.131
26,268.99,16.438
27,271.80,16.387
28,271.97,16.549
29,321.31,16.872
30,321.69,16.830
31,330.14,16.926
32,333.03,16.907
33,333.47,16.966
34,340.77,17.060
35,345.65,17.122
36,373.11,17.311
37,373.79,17.355
38,411.82,17.668
39,419.51,17.767
40,421.59,17.803
41,422.02,17.765
42,422.47,17.768
43,422.61,17.736
44,441.75,17.858
45,447.41,17.877
46,448.7,17.912
47,472.89,18.046
48,476.69,18.085
49,522.47,18.291
50,522.62,18.357
51,524.43,18.426
52,546.75,18.584
53,549.53,18.610
54,575.29,18.870
55,576.00,18.795
56,625.55,19.111
