month_index,year,month,sst_c
0,1950,1,23.11
1,1950,2,24.2
2,1950,3,25.37
3,1950,4,23.86
4,1950,5,23.03
5,1950,6,21.57
6,1950,7,20.63
7,1950,8,20.15
8,1950,9,19.67
9,1950,10,20.03
10,1950,11,20.02
11,1950,12,21.8
12,1951,1,24.19
13,1951,2,25.28
14,1951,3,25.6
15,1951,4,25.37
16,1951,5,24.79
17,1951,6,24.69
18,1951,7,23.86
19,1951,8,22.32
20,1951,9,21.44
21,1951,10,21.77
22,1951,11,22.33
23,1951,12,22.89
24,1952,1,24.52
25,1952,2,26.21
26,1952,3,26.37
27,1952,4,24.73
28,1952,5,23.71
29,1952,6,22.34
30,1952,7,20.89
31,1952,8,20.02
32,1952,9,19.63
33,1952,10,20.4
34,1952,11,20.77
35,1952,12,22.39
36,1953,1,24.15
37,1953,2,26.34
38,1953,3,27.36
39,1953,4,27.03
40,1953,5,25.47
41,1953,6,23.49
42,1953,7,22.2
43,1953,8,21.45
44,1953,9,21.25
45,1953,10,20.95
46,1953,11,21.6
47,1953,12,22.44
48,1954,1,23.02
49,1954,2,25.0
50,1954,3,25.33
51,1954,4,22.97
52,1954,5,21.73
53,1954,6,20.77
54,1954,7,19.52
55,1954,8,19.33
56,1954,9,18.95
57,1954,10,19.11
58,1954,11,20.27
59,1954,12,21.3
60,1955,1,23.75
61,1955,2,24.82
62,1955,3,25.14
63,1955,4,24.22
64,1955,5,22.16
65,1955,6,21.2
66,1955,7,20.46
67,1955,8,19.63
68,1955,9,19.24
69,1955,10,19.16
70,1955,11,19.84
71,1955,12,21.19
72,1956,1,23.24
73,1956,2,24.71
74,1956,3,25.9
75,1956,4,24.66
76,1956,5,23.14
77,1956,6,22.04
78,1956,7,21.47
79,1956,8,20.55
80,1956,9,19.89
81,1956,10,19.69
82,1956,11,20.57
83,1956,12,21.58
84,1957,1,23.13
85,1957,2,26.3
86,1957,3,27.63
87,1957,4,27.15
88,1957,5,26.72
89,1957,6,25.04
90,1957,7,23.83
91,1957,8,22.34
92,1957,9,21.8
93,1957,10,21.8
94,1957,11,22.39
95,1957,12,23.69
96,1958,1,24.89
97,1958,2,26.55
98,1958,3,27.09
99,1958,4,26.37
100,1958,5,24.71
101,1958,6,23.23
102,1958,7,22.31
103,1958,8,20.72
104,1958,9,20.62
105,1958,10,21.05
106,1958,11,21.52
107,1958,12,22.5
108,1959,1,23.97
109,1959,2,25.9
110,1959,3,26.94
111,1959,4,25.84
112,1959,5,24.23
113,1959,6,22.57
114,1959,7,21.5
115,1959,8,20.15
116,1959,9,20.23
117,1959,10,20.86
118,1959,11,21.88
119,1959,12,22.55
120,1960,1,24.4
121,1960,2,25.59
122,1960,3,26.01
123,1960,4,24.66
124,1960,5,23.53
125,1960,6,21.83
126,1960,7,20.73
127,1960,8,20.1
128,1960,9,20.56
129,1960,10,20.27
130,1960,11,20.93
131,1960,12,22.74
132,1961,1,24.58
133,1961,2,26.66
134,1961,3,25.95
135,1961,4,25.17
136,1961,5,23.6
137,1961,6,22.36
138,1961,7,20.52
139,1961,8,19.97
140,1961,9,19.7
141,1961,10,20.07
142,1961,11,21.09
143,1961,12,22.11
144,1962,1,24.02
145,1962,2,25.35
146,1962,3,24.47
147,1962,4,23.43
148,1962,5,23.03
149,1962,6,21.81
150,1962,7,20.6
151,1962,8,20.17
152,1962,9,20.02
153,1962,10,20.14
154,1962,11,20.99
155,1962,12,21.82
156,1963,1,23.81
157,1963,2,25.36
158,1963,3,26.02
159,1963,4,24.67
160,1963,5,23.97
161,1963,6,22.41
162,1963,7,21.8
163,1963,8,21.31
164,1963,9,21.0
165,1963,10,21.13
166,1963,11,21.64
167,1963,12,22.55
168,1964,1,24.15
169,1964,2,25.08
170,1964,3,25.3
171,1964,4,24.61
172,1964,5,21.93
173,1964,6,21.44
174,1964,7,20.25
175,1964,8,19.48
176,1964,9,19.67
177,1964,10,19.79
178,1964,11,20.88
179,1964,12,21.83
180,1965,1,24.22
181,1965,2,26.17
182,1965,3,26.71
183,1965,4,27.01
184,1965,5,26.09
185,1965,6,24.6
186,1965,7,23.26
187,1965,8,22.54
188,1965,9,21.26
189,1965,10,21.57
190,1965,11,22.29
191,1965,12,23.35
192,1966,1,25.15
193,1966,2,25.88
194,1966,3,25.35
195,1966,4,24.26
196,1966,5,22.92
197,1966,6,21.8
198,1966,7,20.85
199,1966,8,20.17
200,1966,9,20.04
201,1966,10,20.51
202,1966,11,21.03
203,1966,12,22.25
204,1967,1,23.66
205,1967,2,25.54
206,1967,3,25.55
207,1967,4,24.98
208,1967,5,23.77
209,1967,6,22.04
210,1967,7,21.1
211,1967,8,19.84
212,1967,9,19.08
213,1967,10,19.47
214,1967,11,20.2
215,1967,12,21.28
216,1968,1,23.19
217,1968,2,24.88
218,1968,3,25.11
219,1968,4,23.97
220,1968,5,22.44
221,1968,6,21.7
222,1968,7,21.25
223,1968,8,20.97
224,1968,9,21.23
225,1968,10,21.12
226,1968,11,21.68
227,1968,12,23.2
228,1969,1,24.67
229,1969,2,25.56
230,1969,3,27.09
231,1969,4,26.66
232,1969,5,26.07
233,1969,6,24.39
234,1969,7,22.47
235,1969,8,21.06
236,1969,9,20.88
237,1969,10,21.74
238,1969,11,22.47
239,1969,12,23.6
240,1970,1,25.02
241,1970,2,25.76
242,1970,3,25.53
243,1970,4,24.76
244,1970,5,22.94
245,1970,6,21.27
246,1970,7,19.69
247,1970,8,19.27
248,1970,9,19.5
249,1970,10,20.16
250,1970,11,20.61
251,1970,12,21.77
252,1971,1,23.33
253,1971,2,24.58
254,1971,3,25.24
255,1971,4,24.95
256,1971,5,23.29
257,1971,6,21.6
258,1971,7,21.01
259,1971,8,19.97
260,1971,9,19.74
261,1971,10,19.88
262,1971,11,20.94
263,1971,12,21.99
264,1972,1,24.51
265,1972,2,26.66
266,1972,3,27.09
267,1972,4,26.25
268,1972,5,25.47
269,1972,6,25.01
270,1972,7,24.11
271,1972,8,23.42
272,1972,9,22.12
273,1972,10,22.58
274,1972,11,23.32
275,1972,12,24.89
276,1973,1,26.03
277,1973,2,26.48
278,1973,3,26.27
279,1973,4,24.87
280,1973,5,23.44
281,1973,6,21.76
282,1973,7,20.84
283,1973,8,19.47
284,1973,9,19.49
285,1973,10,19.8
286,1973,11,20.71
287,1973,12,21.74
288,1974,1,23.29
289,1974,2,24.87
290,1974,3,25.69
291,1974,4,25.28
292,1974,5,24.35
293,1974,6,22.48
294,1974,7,21.58
295,1974,8,20.73
296,1974,9,20.15
297,1974,10,19.88
298,1974,11,20.68
299,1974,12,21.41
300,1975,1,23.55
301,1975,2,24.95
302,1975,3,26.06
303,1975,4,25.53
304,1975,5,23.71
305,1975,6,21.84
306,1975,7,21.05
307,1975,8,19.97
308,1975,9,19.14
309,1975,10,19.17
310,1975,11,19.44
311,1975,12,21.05
312,1976,1,23.51
313,1976,2,25.36
314,1976,3,25.88
315,1976,4,25.72
316,1976,5,25.11
317,1976,6,24.46
318,1976,7,23.3
319,1976,8,21.91
320,1976,9,21.56
321,1976,10,21.69
322,1976,11,22.14
323,1976,12,23.29
324,1977,1,24.93
325,1977,2,25.79
326,1977,3,26.13
327,1977,4,25.29
328,1977,5,23.88
329,1977,6,22.7
330,1977,7,21.63
331,1977,8,20.25
332,1977,9,19.82
333,1977,10,20.61
334,1977,11,21.29
335,1977,12,22.47
336,1978,1,24.32
337,1978,2,25.77
338,1978,3,25.39
339,1978,4,24.73
340,1978,5,23.15
341,1978,6,21.89
342,1978,7,21.01
343,1978,8,19.66
344,1978,9,19.98
345,1978,10,20.22
346,1978,11,21.62
347,1978,12,22.94
348,1979,1,24.71
349,1979,2,25.6
350,1979,3,25.93
351,1979,4,25.58
352,1979,5,24.52
353,1979,6,23.28
354,1979,7,21.79
355,1979,8,21.05
356,1979,9,21.15
357,1979,10,21.43
358,1979,11,21.95
359,1979,12,22.97
360,1980,1,24.35
361,1980,2,25.73
362,1980,3,26.46
363,1980,4,25.71
364,1980,5,24.46
365,1980,6,22.88
366,1980,7,21.26
367,1980,8,20.57
368,1980,9,20.45
369,1980,10,20.43
370,1980,11,21.23
371,1980,12,22.34
372,1981,1,22.98
373,1981,2,24.9
374,1981,3,25.94
375,1981,4,24.89
376,1981,5,23.9
377,1981,6,22.57
378,1981,7,21.1
379,1981,8,20.03
380,1981,9,20.09
381,1981,10,20.58
382,1981,11,21.26
383,1981,12,22.6
384,1982,1,24.36
385,1982,2,25.42
386,1982,3,25.4
387,1982,4,24.96
388,1982,5,24.21
389,1982,6,23.35
390,1982,7,22.5
391,1982,8,21.89
392,1982,9,22.04
393,1982,10,22.88
394,1982,11,24.57
395,1982,12,25.89
396,1983,1,27.25
397,1983,2,28.23
398,1983,3,28.85
399,1983,4,28.82
400,1983,5,28.37
401,1983,6,27.43
402,1983,7,25.73
403,1983,8,23.88
404,1983,9,22.26
405,1983,10,22.22
406,1983,11,22.21
407,1983,12,23.19
408,1984,1,24.32
409,1984,2,25.12
410,1984,3,25.75
411,1984,4,25.4
412,1984,5,23.58
413,1984,6,22.3
414,1984,7,21.53
415,1984,8,20.64
416,1984,9,20.73
417,1984,10,20.62
418,1984,11,21.7
419,1984,12,22.47
420,1985,1,23.84
421,1985,2,24.83
422,1985,3,25.6
423,1985,4,24.28
424,1985,5,22.67
425,1985,6,21.84
426,1985,7,20.75
427,1985,8,19.9
428,1985,9,19.86
429,1985,10,20.26
430,1985,11,20.97
431,1985,12,22.49
432,1986,1,24.31
433,1986,2,25.9
434,1986,3,25.78
435,1986,4,24.86
436,1986,5,23.35
437,1986,6,22.03
438,1986,7,21.64
439,1986,8,21.07
440,1986,9,21.13
441,1986,10,21.46
442,1986,11,22.17
443,1986,12,23.53
444,1987,1,25.6
445,1987,2,27.02
446,1987,3,27.89
447,1987,4,26.95
448,1987,5,25.96
449,1987,6,24.04
450,1987,7,23.0
451,1987,8,21.92
452,1987,9,22.0
453,1987,10,22.54
454,1987,11,22.84
455,1987,12,23.51
456,1988,1,24.76
457,1988,2,25.74
458,1988,3,25.71
459,1988,4,24.68
460,1988,5,23.18
461,1988,6,21.66
462,1988,7,20.59
463,1988,8,19.63
464,1988,9,19.44
465,1988,10,19.83
466,1988,11,20.96
467,1988,12,22.25
468,1989,1,24.36
469,1989,2,26.02
470,1989,3,26.21
471,1989,4,25.54
472,1989,5,23.36
473,1989,6,22.14
474,1989,7,21.27
475,1989,8,20.86
476,1989,9,20.17
477,1989,10,20.52
478,1989,11,21.44
479,1989,12,22.61
480,1990,1,24.22
481,1990,2,26.17
482,1990,3,26.15
483,1990,4,25.15
484,1990,5,24.14
485,1990,6,22.76
486,1990,7,21.36
487,1990,8,20.7
488,1990,9,20.28
489,1990,10,20.4
490,1990,11,21.19
491,1990,12,22.29
492,1991,1,23.99
493,1991,2,25.59
494,1991,3,26.31
495,1991,4,25.15
496,1991,5,24.44
497,1991,6,23.28
498,1991,7,22.39
499,1991,8,21.39
500,1991,9,21.22
501,1991,10,21.73
502,1991,11,22.4
503,1991,12,23.75
504,1992,1,25.02
505,1992,2,26.62
506,1992,3,27.72
507,1992,4,27.58
508,1992,5,26.44
509,1992,6,23.86
510,1992,7,21.84
511,1992,8,20.87
512,1992,9,20.85
513,1992,10,21.15
514,1992,11,21.84
515,1992,12,22.79
516,1993,1,24.68
517,1993,2,26.46
518,1993,3,27.07
519,1993,4,26.84
520,1993,5,25.6
521,1993,6,24.11
522,1993,7,22.61
523,1993,8,21.65
524,1993,9,21.11
525,1993,10,21.71
526,1993,11,22.07
527,1993,12,22.86
528,1994,1,24.56
529,1994,2,25.89
530,1994,3,25.75
531,1994,4,24.49
532,1994,5,23.52
533,1994,6,22.31
534,1994,7,21.17
535,1994,8,20.22
536,1994,9,20.65
537,1994,10,22.04
538,1994,11,22.27
539,1994,12,23.75
540,1995,1,25.48
541,1995,2,26.25
542,1995,3,26.09
543,1995,4,24.32
544,1995,5,23.37
545,1995,6,22.43
546,1995,7,21.42
547,1995,8,20.46
548,1995,9,20.5
549,1995,10,20.62
550,1995,11,21.49
551,1995,12,22.03
552,1996,1,23.81
553,1996,2,25.52
554,1996,3,26.28
555,1996,4,24.0
556,1996,5,23.11
557,1996,6,21.66
558,1996,7,20.72
559,1996,8,20.23
560,1996,9,20.43
561,1996,10,20.52
562,1996,11,20.77
563,1996,12,21.68
564,1997,1,23.7
565,1997,2,26.08
566,1997,3,27.17
567,1997,4,26.74
568,1997,5,26.77
569,1997,6,26.15
570,1997,7,25.59
571,1997,8,24.95
572,1997,9,24.69
573,1997,10,24.64
574,1997,11,25.85
575,1997,12,27.08
576,1998,1,28.12
577,1998,2,28.82
578,1998,3,29.24
579,1998,4,28.45
580,1998,5,27.36
581,1998,6,25.19
582,1998,7,23.61
583,1998,8,22.27
584,1998,9,21.31
585,1998,10,21.37
586,1998,11,21.6
587,1998,12,22.81
588,1999,1,24.23
589,1999,2,25.73
590,1999,3,26.47
591,1999,4,24.53
592,1999,5,23.64
593,1999,6,22.09
594,1999,7,21.36
595,1999,8,20.67
596,1999,9,20.08
597,1999,10,20.46
598,1999,11,20.62
599,1999,12,22.42
600,2000,1,24.01
601,2000,2,25.38
602,2000,3,25.67
603,2000,4,25.53
604,2000,5,24.27
605,2000,6,22.93
606,2000,7,21.47
607,2000,8,20.07
608,2000,9,20.64
609,2000,10,20.9
610,2000,11,20.67
611,2000,12,22.08
612,2001,1,24.24
613,2001,2,26.11
614,2001,3,26.89
615,2001,4,25.99
616,2001,5,23.98
617,2001,6,22.71
618,2001,7,21.48
619,2001,8,20.24
620,2001,9,19.73
621,2001,10,20.14
622,2001,11,20.68
623,2001,12,21.73
624,2002,1,24.09
625,2002,2,26.23
626,2002,3,27.39
627,2002,4,26.44
628,2002,5,25.29
629,2002,6,23.28
630,2002,7,21.64
631,2002,8,21.32
632,2002,9,21.42
633,2002,10,21.85
634,2002,11,22.85
635,2002,12,24.05
636,2003,1,25.01
637,2003,2,26.27
638,2003,3,26.91
639,2003,4,25.41
640,2003,5,23.24
641,2003,6,22.15
642,2003,7,21.5
643,2003,8,21.25
644,2003,9,20.75
645,2003,10,21.7
646,2003,11,22.33
647,2003,12,23.6
648,2004,1,25.09
649,2004,2,26.47
650,2004,3,26.12
651,2004,4,25.27
652,2004,5,23.44
653,2004,6,22.54
654,2004,7,21.26
655,2004,8,20.79
656,2004,9,20.83
657,2004,10,21.56
658,2004,11,22.88
659,2004,12,23.39
660,2005,1,24.61
661,2005,2,25.09
662,2005,3,25.23
663,2005,4,25.21
664,2005,5,24.31
665,2005,6,22.6
666,2005,7,21.61
667,2005,8,20.47
668,2005,9,20.0
669,2005,10,19.89
670,2005,11,20.61
671,2005,12,22.2
672,2006,1,24.76
673,2006,2,26.52
674,2006,3,26.22
675,2006,4,24.29
676,2006,5,23.84
677,2006,6,22.82
678,2006,7,22.2
679,2006,8,21.89
680,2006,9,21.93
681,2006,10,22.46
682,2006,11,22.61
683,2006,12,24.15
684,2007,1,25.82
685,2007,2,26.81
686,2007,3,26.41
687,2007,4,24.96
688,2007,5,23.05
689,2007,6,21.61
690,2007,7,21.05
691,2007,8,19.95
692,2007,9,19.85
693,2007,10,19.31
694,2007,11,19.82
695,2007,12,21.15
696,2008,1,24.24
697,2008,2,26.39
698,2008,3,26.91
699,2008,4,25.68
700,2008,5,24.43
701,2008,6,23.19
702,2008,7,23.02
703,2008,8,22.14
704,2008,9,21.6
705,2008,10,21.39
706,2008,11,21.54
707,2008,12,22.73
708,2009,1,24.39
709,2009,2,25.53
710,2009,3,25.48
711,2009,4,25.84
712,2009,5,24.95
713,2009,6,24.09
714,2009,7,23.09
715,2009,8,22.03
716,2009,9,21.48
717,2009,10,21.64
718,2009,11,21.99
719,2009,12,23.21
720,2010,1,24.7
721,2010,2,26.16
722,2010,3,26.54
723,2010,4,26.04
724,2010,5,24.75
725,2010,6,23.26
726,2010,7,21.11
727,2010,8,19.49
728,2010,9,19.28
729,2010,10,19.73
730,2010,11,20.44
731,2010,12,22.07
