experiment,split,copy_row,source_id
row_split,train,354,119
row_split,train,308,103
row_split,train,300,101
row_split,train,112,38
row_split,train,332,111
row_split,train,102,35
row_split,train,475,159
row_split,train,15,6
row_split,train,285,96
row_split,train,480,161
row_split,train,170,57
row_split,train,484,162
row_split,train,159,54
row_split,train,35,12
row_split,train,501,168
row_split,train,503,168
row_split,train,381,128
row_split,train,213,72
row_split,train,397,133
row_split,train,324,109
row_split,train,428,143
row_split,train,621,208
row_split,train,1,1
row_split,train,278,93
row_split,train,612,205
row_split,train,346,116
row_split,train,455,152
row_split,train,626,209
row_split,train,574,192
row_split,train,538,180
row_split,train,356,119
row_split,train,507,170
row_split,train,206,69
row_split,train,115,39
row_split,train,93,32
row_split,train,186,63
row_split,train,387,130
row_split,train,58,20
row_split,train,215,72
row_split,train,529,177
row_split,train,459,154
row_split,train,234,79
row_split,train,171,58
row_split,train,87,30
row_split,train,36,13
row_split,train,187,63
row_split,train,608,203
row_split,train,147,50
row_split,train,243,82
row_split,train,418,140
row_split,train,576,193
row_split,train,617,206
row_split,train,588,197
row_split,train,254,85
row_split,train,453,152
row_split,train,109,37
row_split,train,111,38
row_split,train,261,88
row_split,train,526,176
row_split,train,496,166
row_split,train,211,71
row_split,train,272,91
row_split,train,240,81
row_split,train,66,23
row_split,train,522,175
row_split,train,119,40
row_split,train,386,129
row_split,train,375,126
row_split,train,393,132
row_split,train,202,68
row_split,train,299,100
row_split,train,466,156
row_split,train,502,168
row_split,train,408,137
row_split,train,97,33
row_split,train,357,120
row_split,train,544,182
row_split,train,570,191
row_split,train,439,147
row_split,train,105,36
row_split,train,433,145
row_split,train,376,126
row_split,train,309,104
row_split,train,167,56
row_split,train,132,45
row_split,train,441,148
row_split,train,160,54
row_split,train,82,28
row_split,train,121,41
row_split,train,371,124
row_split,train,565,189
row_split,train,14,5
row_split,train,293,98
row_split,train,207,70
row_split,train,32,11
row_split,train,515,172
row_split,train,335,112
row_split,train,523,175
row_split,train,252,85
row_split,train,37,13
row_split,train,457,153
row_split,train,125,42
row_split,train,157,53
row_split,train,519,174
row_split,train,236,79
row_split,train,549,184
row_split,train,269,90
row_split,train,587,196
row_split,train,465,156
row_split,train,551,184
row_split,train,343,115
row_split,train,597,200
row_split,train,336,113
row_split,train,59,20
row_split,train,131,44
row_split,train,179,60
row_split,train,404,135
row_split,train,60,21
row_split,train,412,138
row_split,train,559,187
row_split,train,421,141
row_split,train,214,72
row_split,train,101,34
row_split,train,406,136
row_split,train,8,3
row_split,train,78,27
row_split,train,361,121
row_split,train,51,18
row_split,train,40,14
row_split,train,594,199
row_split,train,253,85
row_split,train,383,128
row_split,train,434,145
row_split,train,423,142
row_split,train,589,197
row_split,train,80,27
row_split,train,462,155
row_split,train,593,198
row_split,train,130,44
row_split,train,627,210
row_split,train,302,101
row_split,train,578,193
row_split,train,580,194
row_split,train,173,58
row_split,train,149,50
row_split,train,401,134
row_split,train,582,195
row_split,train,123,42
row_split,train,609,204
row_split,train,209,70
row_split,train,95,32
row_split,train,29,10
row_split,train,470,157
row_split,train,590,197
row_split,train,494,165
row_split,train,554,185
row_split,train,200,67
row_split,train,220,74
row_split,train,242,81
row_split,train,464,155
row_split,train,34,12
row_split,train,605,202
row_split,train,586,196
row_split,train,280,94
row_split,train,103,35
row_split,train,585,196
row_split,train,601,201
row_split,train,616,206
row_split,train,419,140
row_split,train,604,202
row_split,train,492,165
row_split,train,319,107
row_split,train,140,47
row_split,train,552,185
row_split,train,543,182
row_split,train,390,131
row_split,train,49,17
row_split,train,142,48
row_split,train,84,29
row_split,train,113,38
row_split,train,333,112
row_split,train,488,163
row_split,train,241,81
row_split,train,454,152
row_split,train,230,77
row_split,train,223,75
row_split,train,403,135
row_split,train,477,160
row_split,train,177,60
row_split,train,195,66
row_split,train,506,169
row_split,train,614,205
row_split,train,250,84
row_split,train,458,153
row_split,train,398,133
row_split,train,518,173
row_split,train,348,117
row_split,train,516,173
row_split,train,141,48
row_split,train,497,166
row_split,train,188,63
row_split,train,21,8
row_split,train,7,3
row_split,train,435,146
row_split,train,377,126
row_split,train,122,41
row_split,train,55,19
row_split,train,430,144
row_split,train,225,76
row_split,train,487,163
row_split,train,436,146
row_split,train,172,58
row_split,train,295,99
row_split,train,165,56
row_split,train,221,74
row_split,train,432,145
row_split,train,628,210
row_split,train,352,118
row_split,train,247,83
row_split,train,326,109
row_split,train,208,70
row_split,train,363,122
row_split,train,292,98
row_split,train,178,60
row_split,train,42,15
row_split,train,514,172
row_split,train,316,106
row_split,train,88,30
row_split,train,118,40
row_split,train,444,149
row_split,train,239,80
row_split,train,286,96
row_split,train,9,4
row_split,train,325,109
row_split,train,294,99
row_split,train,258,87
row_split,train,77,26
row_split,train,2,1
row_split,train,374,125
row_split,train,184,62
row_split,train,415,139
row_split,train,528,177
row_split,train,446,149
row_split,train,192,65
row_split,train,219,74
row_split,train,533,178
row_split,train,567,190
row_split,train,510,171
row_split,train,81,28
row_split,train,96,33
row_split,train,134,45
row_split,train,45,16
row_split,train,312,105
row_split,train,440,147
row_split,train,339,114
row_split,train,148,50
row_split,train,281,94
row_split,train,338,113
row_split,train,399,134
row_split,train,624,209
row_split,train,449,150
row_split,train,108,37
row_split,train,618,207
row_split,train,331,111
row_split,train,301,101
row_split,train,317,106
row_split,train,189,64
row_split,train,244,82
row_split,train,222,75
row_split,train,438,147
row_split,train,489,164
row_split,train,23,8
row_split,train,126,43
row_split,train,558,187
row_split,train,629,210
row_split,train,128,43
row_split,train,410,137
row_split,train,284,95
row_split,train,426,143
row_split,train,283,95
row_split,train,268,90
row_split,train,158,53
row_split,train,74,25
row_split,train,176,59
row_split,train,25,9
row_split,train,365,122
row_split,train,79,27
row_split,train,535,179
row_split,train,392,131
row_split,train,505,169
row_split,train,54,19
row_split,train,256,86
row_split,train,199,67
row_split,train,114,39
row_split,train,287,96
row_split,train,583,195
row_split,train,297,100
row_split,train,17,6
row_split,train,550,184
row_split,train,322,108
row_split,train,476,159
row_split,train,196,66
row_split,train,24,9
row_split,train,91,31
row_split,train,19,7
row_split,train,275,92
row_split,train,217,73
row_split,train,445,149
row_split,train,553,185
row_split,train,508,170
row_split,train,358,120
row_split,train,512,171
row_split,train,311,104
row_split,train,342,115
row_split,train,469,157
row_split,train,155,52
row_split,train,120,41
row_split,train,447,150
row_split,train,265,89
row_split,train,153,52
row_split,train,117,40
row_split,train,57,20
row_split,train,334,112
row_split,train,545,182
row_split,train,416,139
row_split,train,384,129
row_split,train,31,11
row_split,train,451,151
row_split,train,420,141
row_split,train,429,144
row_split,train,479,160
row_split,train,600,201
row_split,train,193,65
row_split,train,56,19
row_split,train,233,78
row_split,train,341,114
row_split,train,548,183
row_split,train,238,80
row_split,train,99,34
row_split,train,69,24
row_split,train,402,135
row_split,train,369,124
row_split,train,391,131
row_split,train,83,28
row_split,train,89,30
row_split,train,473,158
row_split,train,98,33
row_split,train,205,69
row_split,train,0,1
row_split,train,530,177
row_split,train,355,119
row_split,train,4,2
row_split,train,573,192
row_split,train,478,160
row_split,train,175,59
row_split,train,388,130
row_split,train,315,106
row_split,train,204,69
row_split,train,5,2
row_split,train,248,83
row_split,train,422,141
row_split,train,537,180
row_split,train,245,82
row_split,train,577,193
row_split,train,6,3
row_split,train,557,186
row_split,train,483,162
row_split,train,330,111
row_split,train,345,116
row_split,train,229,77
row_split,train,259,87
row_split,train,218,73
row_split,train,400,134
row_split,train,485,162
row_split,train,443,148
row_split,train,201,68
row_split,train,620,207
row_split,train,379,127
row_split,train,337,113
row_split,train,68,23
row_split,train,20,7
row_split,train,257,86
row_split,train,38,13
row_split,train,70,24
row_split,train,362,121
row_split,train,145,49
row_split,train,389,130
row_split,train,273,92
row_split,train,271,91
row_split,train,472,158
row_split,train,107,36
row_split,train,11,4
row_split,train,52,18
row_split,train,581,194
row_split,train,463,155
row_split,train,33,12
row_split,train,296,99
row_split,train,370,124
row_split,train,556,186
row_split,train,162,55
row_split,train,298,100
row_split,train,226,76
row_split,train,279,94
row_split,train,76,26
row_split,train,513,172
row_split,train,368,123
row_split,train,347,116
row_split,train,540,181
row_split,train,64,22
row_split,train,310,104
row_split,train,151,51
row_split,train,232,78
row_split,train,424,142
row_split,train,63,22
row_split,train,290,97
row_split,train,124,42
row_split,train,18,7
row_split,train,168,57
row_split,train,607,203
row_split,train,591,198
row_split,train,525,176
row_split,train,249,84
row_split,train,623,208
row_split,train,407,136
row_split,train,48,17
row_split,train,260,87
row_split,train,227,76
row_split,train,610,204
row_split,train,592,198
row_split,train,427,143
row_split,train,431,144
row_split,train,584,195
row_split,train,92,31
row_split,train,511,171
row_split,train,137,46
row_split,train,575,192
row_split,train,41,14
row_split,train,467,156
row_split,train,156,53
row_split,train,30,11
row_split,train,380,127
row_split,test,303,102
row_split,test,378,127
row_split,test,305,102
row_split,test,71,24
row_split,test,500,167
row_split,test,405,136
row_split,test,474,159
row_split,test,531,178
row_split,test,382,128
row_split,test,452,151
row_split,test,566,189
row_split,test,395,132
row_split,test,599,200
row_split,test,396,133
row_split,test,491,164
row_split,test,527,176
row_split,test,568,190
row_split,test,562,188
row_split,test,75,26
row_split,test,228,77
row_split,test,606,203
row_split,test,320,107
row_split,test,262,88
row_split,test,85,29
row_split,test,43,15
row_split,test,277,93
row_split,test,536,179
row_split,test,359,120
row_split,test,182,61
row_split,test,615,206
row_split,test,28,10
row_split,test,291,98
row_split,test,534,179
row_split,test,10,4
row_split,test,611,204
row_split,test,461,154
row_split,test,183,62
row_split,test,282,95
row_split,test,152,51
row_split,test,198,67
row_split,test,450,151
row_split,test,603,202
row_split,test,267,90
row_split,test,460,154
row_split,test,255,86
row_split,test,521,174
row_split,test,520,174
row_split,test,323,108
row_split,test,246,83
row_split,test,555,186
row_split,test,62,21
row_split,test,499,167
row_split,test,561,188
row_split,test,13,5
row_split,test,288,97
row_split,test,26,9
row_split,test,602,201
row_split,test,53,18
row_split,test,210,71
row_split,test,327,110
row_split,test,571,191
row_split,test,163,55
row_split,test,274,92
row_split,test,598,200
row_split,test,504,169
row_split,test,394,132
row_split,test,328,110
row_split,test,413,138
row_split,test,116,39
row_split,test,46,16
row_split,test,366,123
row_split,test,73,25
row_split,test,579,194
row_split,test,203,68
row_split,test,146,49
row_split,test,486,163
row_split,test,197,66
row_split,test,541,181
row_split,test,532,178
row_split,test,185,62
row_split,test,47,16
row_split,test,456,153
row_split,test,61,21
row_split,test,106,36
row_split,test,314,105
row_split,test,110,37
row_split,test,135,46
row_split,test,448,150
row_split,test,251,84
row_split,test,360,121
row_split,test,65,22
row_split,test,136,46
row_split,test,318,107
row_split,test,560,187
row_split,test,493,165
row_split,test,411,138
row_split,test,417,140
row_split,test,622,208
row_split,test,351,118
row_split,test,498,167
row_split,test,596,199
row_split,test,613,205
row_split,test,321,108
row_split,test,625,209
row_split,test,224,75
row_split,test,367,123
row_split,test,150,51
row_split,test,304,102
row_split,test,180,61
row_split,test,27,10
row_split,test,44,15
row_split,test,490,164
row_split,test,237,80
row_split,test,350,117
row_split,test,385,129
row_split,test,190,64
row_split,test,12,5
row_split,test,270,91
row_split,test,495,166
row_split,test,3,2
row_split,test,564,189
row_split,test,572,191
row_split,test,425,142
row_split,test,349,117
row_split,test,143,48
row_split,test,104,35
row_split,test,524,175
row_split,test,569,190
row_split,test,437,146
row_split,test,307,103
row_split,test,409,137
row_split,test,481,161
row_split,test,563,188
row_split,test,100,34
row_split,test,166,56
row_split,test,266,89
row_split,test,471,158
row_split,test,50,17
row_split,test,216,73
row_split,test,72,25
row_split,test,16,6
row_split,test,138,47
row_split,test,174,59
row_split,test,595,199
row_split,test,340,114
row_split,test,164,55
row_split,test,39,14
row_split,test,547,183
row_split,test,161,54
row_split,test,414,139
row_split,test,509,170
row_split,test,154,52
row_split,test,276,93
row_split,test,306,103
row_split,test,546,183
row_split,test,139,47
row_split,test,468,157
row_split,test,364,122
row_split,test,517,173
row_split,test,194,65
row_split,test,67,23
row_split,test,329,110
row_split,test,94,32
row_split,test,90,31
row_split,test,289,97
row_split,test,264,89
row_split,test,235,79
row_split,test,263,88
row_split,test,542,181
row_split,test,344,115
row_split,test,313,105
row_split,test,22,8
row_split,test,353,118
row_split,test,144,49
row_split,test,86,29
row_split,test,191,64
row_split,test,231,78
row_split,test,482,161
row_split,test,169,57
row_split,test,372,125
row_split,test,539,180
row_split,test,127,43
row_split,test,442,148
row_split,test,181,61
row_split,test,129,44
row_split,test,619,207
row_split,test,133,45
row_split,test,373,125
row_split,test,212,71
unit_split,train,0,1
unit_split,train,1,1
unit_split,train,2,1
unit_split,train,9,4
unit_split,train,10,4
unit_split,train,11,4
unit_split,train,18,7
unit_split,train,19,7
unit_split,train,20,7
unit_split,train,27,10
unit_split,train,28,10
unit_split,train,29,10
unit_split,train,30,11
unit_split,train,31,11
unit_split,train,32,11
unit_split,train,33,12
unit_split,train,34,12
unit_split,train,35,12
unit_split,train,36,13
unit_split,train,37,13
unit_split,train,38,13
unit_split,train,39,14
unit_split,train,40,14
unit_split,train,41,14
unit_split,train,45,16
unit_split,train,46,16
unit_split,train,47,16
unit_split,train,48,17
unit_split,train,49,17
unit_split,train,50,17
unit_split,train,54,19
unit_split,train,55,19
unit_split,train,56,19
unit_split,train,57,20
unit_split,train,58,20
unit_split,train,59,20
unit_split,train,60,21
unit_split,train,61,21
unit_split,train,62,21
unit_split,train,66,23
unit_split,train,67,23
unit_split,train,68,23
unit_split,train,69,24
unit_split,train,70,24
unit_split,train,71,24
unit_split,train,72,25
unit_split,train,73,25
unit_split,train,74,25
unit_split,train,78,27
unit_split,train,79,27
unit_split,train,80,27
unit_split,train,81,28
unit_split,train,82,28
unit_split,train,83,28
unit_split,train,84,29
unit_split,train,85,29
unit_split,train,86,29
unit_split,train,87,30
unit_split,train,88,30
unit_split,train,89,30
unit_split,train,90,31
unit_split,train,91,31
unit_split,train,92,31
unit_split,train,102,35
unit_split,train,103,35
unit_split,train,104,35
unit_split,train,105,36
unit_split,train,106,36
unit_split,train,107,36
unit_split,train,114,39
unit_split,train,115,39
unit_split,train,116,39
unit_split,train,117,40
unit_split,train,118,40
unit_split,train,119,40
unit_split,train,120,41
unit_split,train,121,41
unit_split,train,122,41
unit_split,train,123,42
unit_split,train,124,42
unit_split,train,125,42
unit_split,train,129,44
unit_split,train,130,44
unit_split,train,131,44
unit_split,train,132,45
unit_split,train,133,45
unit_split,train,134,45
unit_split,train,138,47
unit_split,train,139,47
unit_split,train,140,47
unit_split,train,141,48
unit_split,train,142,48
unit_split,train,143,48
unit_split,train,147,50
unit_split,train,148,50
unit_split,train,149,50
unit_split,train,150,51
unit_split,train,151,51
unit_split,train,152,51
unit_split,train,153,52
unit_split,train,154,52
unit_split,train,155,52
unit_split,train,156,53
unit_split,train,157,53
unit_split,train,158,53
unit_split,train,159,54
unit_split,train,160,54
unit_split,train,161,54
unit_split,train,165,56
unit_split,train,166,56
unit_split,train,167,56
unit_split,train,168,57
unit_split,train,169,57
unit_split,train,170,57
unit_split,train,171,58
unit_split,train,172,58
unit_split,train,173,58
unit_split,train,174,59
unit_split,train,175,59
unit_split,train,176,59
unit_split,train,177,60
unit_split,train,178,60
unit_split,train,179,60
unit_split,train,183,62
unit_split,train,184,62
unit_split,train,185,62
unit_split,train,186,63
unit_split,train,187,63
unit_split,train,188,63
unit_split,train,189,64
unit_split,train,190,64
unit_split,train,191,64
unit_split,train,195,66
unit_split,train,196,66
unit_split,train,197,66
unit_split,train,201,68
unit_split,train,202,68
unit_split,train,203,68
unit_split,train,204,69
unit_split,train,205,69
unit_split,train,206,69
unit_split,train,207,70
unit_split,train,208,70
unit_split,train,209,70
unit_split,train,210,71
unit_split,train,211,71
unit_split,train,212,71
unit_split,train,213,72
unit_split,train,214,72
unit_split,train,215,72
unit_split,train,216,73
unit_split,train,217,73
unit_split,train,218,73
unit_split,train,219,74
unit_split,train,220,74
unit_split,train,221,74
unit_split,train,225,76
unit_split,train,226,76
unit_split,train,227,76
unit_split,train,228,77
unit_split,train,229,77
unit_split,train,230,77
unit_split,train,246,83
unit_split,train,247,83
unit_split,train,248,83
unit_split,train,249,84
unit_split,train,250,84
unit_split,train,251,84
unit_split,train,252,85
unit_split,train,253,85
unit_split,train,254,85
unit_split,train,255,86
unit_split,train,256,86
unit_split,train,257,86
unit_split,train,258,87
unit_split,train,259,87
unit_split,train,260,87
unit_split,train,261,88
unit_split,train,262,88
unit_split,train,263,88
unit_split,train,267,90
unit_split,train,268,90
unit_split,train,269,90
unit_split,train,270,91
unit_split,train,271,91
unit_split,train,272,91
unit_split,train,282,95
unit_split,train,283,95
unit_split,train,284,95
unit_split,train,285,96
unit_split,train,286,96
unit_split,train,287,96
unit_split,train,288,97
unit_split,train,289,97
unit_split,train,290,97
unit_split,train,291,98
unit_split,train,292,98
unit_split,train,293,98
unit_split,train,297,100
unit_split,train,298,100
unit_split,train,299,100
unit_split,train,300,101
unit_split,train,301,101
unit_split,train,302,101
unit_split,train,306,103
unit_split,train,307,103
unit_split,train,308,103
unit_split,train,312,105
unit_split,train,313,105
unit_split,train,314,105
unit_split,train,315,106
unit_split,train,316,106
unit_split,train,317,106
unit_split,train,318,107
unit_split,train,319,107
unit_split,train,320,107
unit_split,train,321,108
unit_split,train,322,108
unit_split,train,323,108
unit_split,train,327,110
unit_split,train,328,110
unit_split,train,329,110
unit_split,train,330,111
unit_split,train,331,111
unit_split,train,332,111
unit_split,train,333,112
unit_split,train,334,112
unit_split,train,335,112
unit_split,train,336,113
unit_split,train,337,113
unit_split,train,338,113
unit_split,train,339,114
unit_split,train,340,114
unit_split,train,341,114
unit_split,train,342,115
unit_split,train,343,115
unit_split,train,344,115
unit_split,train,348,117
unit_split,train,349,117
unit_split,train,350,117
unit_split,train,351,118
unit_split,train,352,118
unit_split,train,353,118
unit_split,train,354,119
unit_split,train,355,119
unit_split,train,356,119
unit_split,train,357,120
unit_split,train,358,120
unit_split,train,359,120
unit_split,train,372,125
unit_split,train,373,125
unit_split,train,374,125
unit_split,train,375,126
unit_split,train,376,126
unit_split,train,377,126
unit_split,train,378,127
unit_split,train,379,127
unit_split,train,380,127
unit_split,train,381,128
unit_split,train,382,128
unit_split,train,383,128
unit_split,train,387,130
unit_split,train,388,130
unit_split,train,389,130
unit_split,train,399,134
unit_split,train,400,134
unit_split,train,401,134
unit_split,train,402,135
unit_split,train,403,135
unit_split,train,404,135
unit_split,train,405,136
unit_split,train,406,136
unit_split,train,407,136
unit_split,train,408,137
unit_split,train,409,137
unit_split,train,410,137
unit_split,train,414,139
unit_split,train,415,139
unit_split,train,416,139
unit_split,train,417,140
unit_split,train,418,140
unit_split,train,419,140
unit_split,train,420,141
unit_split,train,421,141
unit_split,train,422,141
unit_split,train,423,142
unit_split,train,424,142
unit_split,train,425,142
unit_split,train,429,144
unit_split,train,430,144
unit_split,train,431,144
unit_split,train,432,145
unit_split,train,433,145
unit_split,train,434,145
unit_split,train,438,147
unit_split,train,439,147
unit_split,train,440,147
unit_split,train,444,149
unit_split,train,445,149
unit_split,train,446,149
unit_split,train,447,150
unit_split,train,448,150
unit_split,train,449,150
unit_split,train,450,151
unit_split,train,451,151
unit_split,train,452,151
unit_split,train,453,152
unit_split,train,454,152
unit_split,train,455,152
unit_split,train,456,153
unit_split,train,457,153
unit_split,train,458,153
unit_split,train,459,154
unit_split,train,460,154
unit_split,train,461,154
unit_split,train,462,155
unit_split,train,463,155
unit_split,train,464,155
unit_split,train,465,156
unit_split,train,466,156
unit_split,train,467,156
unit_split,train,471,158
unit_split,train,472,158
unit_split,train,473,158
unit_split,train,477,160
unit_split,train,478,160
unit_split,train,479,160
unit_split,train,483,162
unit_split,train,484,162
unit_split,train,485,162
unit_split,train,486,163
unit_split,train,487,163
unit_split,train,488,163
unit_split,train,489,164
unit_split,train,490,164
unit_split,train,491,164
unit_split,train,492,165
unit_split,train,493,165
unit_split,train,494,165
unit_split,train,498,167
unit_split,train,499,167
unit_split,train,500,167
unit_split,train,501,168
unit_split,train,502,168
unit_split,train,503,168
unit_split,train,504,169
unit_split,train,505,169
unit_split,train,506,169
unit_split,train,507,170
unit_split,train,508,170
unit_split,train,509,170
unit_split,train,513,172
unit_split,train,514,172
unit_split,train,515,172
unit_split,train,519,174
unit_split,train,520,174
unit_split,train,521,174
unit_split,train,522,175
unit_split,train,523,175
unit_split,train,524,175
unit_split,train,528,177
unit_split,train,529,177
unit_split,train,530,177
unit_split,train,531,178
unit_split,train,532,178
unit_split,train,533,178
unit_split,train,534,179
unit_split,train,535,179
unit_split,train,536,179
unit_split,train,537,180
unit_split,train,538,180
unit_split,train,539,180
unit_split,train,540,181
unit_split,train,541,181
unit_split,train,542,181
unit_split,train,543,182
unit_split,train,544,182
unit_split,train,545,182
unit_split,train,546,183
unit_split,train,547,183
unit_split,train,548,183
unit_split,train,549,184
unit_split,train,550,184
unit_split,train,551,184
unit_split,train,555,186
unit_split,train,556,186
unit_split,train,557,186
unit_split,train,558,187
unit_split,train,559,187
unit_split,train,560,187
unit_split,train,561,188
unit_split,train,562,188
unit_split,train,563,188
unit_split,train,567,190
unit_split,train,568,190
unit_split,train,569,190
unit_split,train,570,191
unit_split,train,571,191
unit_split,train,572,191
unit_split,train,573,192
unit_split,train,574,192
unit_split,train,575,192
unit_split,train,582,195
unit_split,train,583,195
unit_split,train,584,195
unit_split,train,585,196
unit_split,train,586,196
unit_split,train,587,196
unit_split,train,588,197
unit_split,train,589,197
unit_split,train,590,197
unit_split,train,591,198
unit_split,train,592,198
unit_split,train,593,198
unit_split,train,594,199
unit_split,train,595,199
unit_split,train,596,199
unit_split,train,597,200
unit_split,train,598,200
unit_split,train,599,200
unit_split,train,600,201
unit_split,train,601,201
unit_split,train,602,201
unit_split,train,606,203
unit_split,train,607,203
unit_split,train,608,203
unit_split,train,609,204
unit_split,train,610,204
unit_split,train,611,204
unit_split,train,612,205
unit_split,train,613,205
unit_split,train,614,205
unit_split,train,615,206
unit_split,train,616,206
unit_split,train,617,206
unit_split,train,618,207
unit_split,train,619,207
unit_split,train,620,207
unit_split,train,624,209
unit_split,train,625,209
unit_split,train,626,209
unit_split,test,3,2
unit_split,test,4,2
unit_split,test,5,2
unit_split,test,6,3
unit_split,test,7,3
unit_split,test,8,3
unit_split,test,12,5
unit_split,test,13,5
unit_split,test,14,5
unit_split,test,15,6
unit_split,test,16,6
unit_split,test,17,6
unit_split,test,21,8
unit_split,test,22,8
unit_split,test,23,8
unit_split,test,24,9
unit_split,test,25,9
unit_split,test,26,9
unit_split,test,42,15
unit_split,test,43,15
unit_split,test,44,15
unit_split,test,51,18
unit_split,test,52,18
unit_split,test,53,18
unit_split,test,63,22
unit_split,test,64,22
unit_split,test,65,22
unit_split,test,75,26
unit_split,test,76,26
unit_split,test,77,26
unit_split,test,93,32
unit_split,test,94,32
unit_split,test,95,32
unit_split,test,96,33
unit_split,test,97,33
unit_split,test,98,33
unit_split,test,99,34
unit_split,test,100,34
unit_split,test,101,34
unit_split,test,108,37
unit_split,test,109,37
unit_split,test,110,37
unit_split,test,111,38
unit_split,test,112,38
unit_split,test,113,38
unit_split,test,126,43
unit_split,test,127,43
unit_split,test,128,43
unit_split,test,135,46
unit_split,test,136,46
unit_split,test,137,46
unit_split,test,144,49
unit_split,test,145,49
unit_split,test,146,49
unit_split,test,162,55
unit_split,test,163,55
unit_split,test,164,55
unit_split,test,180,61
unit_split,test,181,61
unit_split,test,182,61
unit_split,test,192,65
unit_split,test,193,65
unit_split,test,194,65
unit_split,test,198,67
unit_split,test,199,67
unit_split,test,200,67
unit_split,test,222,75
unit_split,test,223,75
unit_split,test,224,75
unit_split,test,231,78
unit_split,test,232,78
unit_split,test,233,78
unit_split,test,234,79
unit_split,test,235,79
unit_split,test,236,79
unit_split,test,237,80
unit_split,test,238,80
unit_split,test,239,80
unit_split,test,240,81
unit_split,test,241,81
unit_split,test,242,81
unit_split,test,243,82
unit_split,test,244,82
unit_split,test,245,82
unit_split,test,264,89
unit_split,test,265,89
unit_split,test,266,89
unit_split,test,273,92
unit_split,test,274,92
unit_split,test,275,92
unit_split,test,276,93
unit_split,test,277,93
unit_split,test,278,93
unit_split,test,279,94
unit_split,test,280,94
unit_split,test,281,94
unit_split,test,294,99
unit_split,test,295,99
unit_split,test,296,99
unit_split,test,303,102
unit_split,test,304,102
unit_split,test,305,102
unit_split,test,309,104
unit_split,test,310,104
unit_split,test,311,104
unit_split,test,324,109
unit_split,test,325,109
unit_split,test,326,109
unit_split,test,345,116
unit_split,test,346,116
unit_split,test,347,116
unit_split,test,360,121
unit_split,test,361,121
unit_split,test,362,121
unit_split,test,363,122
unit_split,test,364,122
unit_split,test,365,122
unit_split,test,366,123
unit_split,test,367,123
unit_split,test,368,123
unit_split,test,369,124
unit_split,test,370,124
unit_split,test,371,124
unit_split,test,384,129
unit_split,test,385,129
unit_split,test,386,129
unit_split,test,390,131
unit_split,test,391,131
unit_split,test,392,131
unit_split,test,393,132
unit_split,test,394,132
unit_split,test,395,132
unit_split,test,396,133
unit_split,test,397,133
unit_split,test,398,133
unit_split,test,411,138
unit_split,test,412,138
unit_split,test,413,138
unit_split,test,426,143
unit_split,test,427,143
unit_split,test,428,143
unit_split,test,435,146
unit_split,test,436,146
unit_split,test,437,146
unit_split,test,441,148
unit_split,test,442,148
unit_split,test,443,148
unit_split,test,468,157
unit_split,test,469,157
unit_split,test,470,157
unit_split,test,474,159
unit_split,test,475,159
unit_split,test,476,159
unit_split,test,480,161
unit_split,test,481,161
unit_split,test,482,161
unit_split,test,495,166
unit_split,test,496,166
unit_split,test,497,166
unit_split,test,510,171
unit_split,test,511,171
unit_split,test,512,171
unit_split,test,516,173
unit_split,test,517,173
unit_split,test,518,173
unit_split,test,525,176
unit_split,test,526,176
unit_split,test,527,176
unit_split,test,552,185
unit_split,test,553,185
unit_split,test,554,185
unit_split,test,564,189
unit_split,test,565,189
unit_split,test,566,189
unit_split,test,576,193
unit_split,test,577,193
unit_split,test,578,193
unit_split,test,579,194
unit_split,test,580,194
unit_split,test,581,194
unit_split,test,603,202
unit_split,test,604,202
unit_split,test,605,202
unit_split,test,621,208
unit_split,test,622,208
unit_split,test,623,208
unit_split,test,627,210
unit_split,test,628,210
unit_split,test,629,210
