model,seed,sample_id,truth,prediction
raw_pixels,0,11,1,1
raw_pixels,0,19,9,9
raw_pixels,0,24,4,4
raw_pixels,0,27,7,7
raw_pixels,0,36,0,0
raw_pixels,0,60,3,3
raw_pixels,0,75,2,2
raw_pixels,0,77,2,1
raw_pixels,0,79,0,0
raw_pixels,0,84,2,2
raw_pixels,0,91,3,3
raw_pixels,0,92,9,9
raw_pixels,0,107,1,1
raw_pixels,0,113,2,2
raw_pixels,0,114,8,8
raw_pixels,0,117,5,5
raw_pixels,0,127,8,8
raw_pixels,0,135,5,5
raw_pixels,0,138,8,8
raw_pixels,0,139,9,9
raw_pixels,0,144,4,4
raw_pixels,0,149,9,9
raw_pixels,0,150,0,0
raw_pixels,0,155,5,5
raw_pixels,0,166,0,0
raw_pixels,0,168,8,8
raw_pixels,0,179,0,0
raw_pixels,0,187,2,2
raw_pixels,0,189,3,3
raw_pixels,0,205,2,2
raw_pixels,0,217,3,3
raw_pixels,0,219,3,3
raw_pixels,0,222,7,7
raw_pixels,0,223,6,6
raw_pixels,0,224,8,8
raw_pixels,0,226,3,3
raw_pixels,0,228,4,4
raw_pixels,0,231,3,3
raw_pixels,0,240,7,7
raw_pixels,0,244,2,2
raw_pixels,0,249,8,8
raw_pixels,0,252,0,0
raw_pixels,0,261,5,5
raw_pixels,0,262,6,6
raw_pixels,0,271,5,5
raw_pixels,0,272,6,6
raw_pixels,0,276,0,0
raw_pixels,0,277,1,1
raw_pixels,0,280,4,4
raw_pixels,0,287,9,9
raw_pixels,0,291,5,5
raw_pixels,0,295,9,9
raw_pixels,0,319,3,3
raw_pixels,0,323,6,6
raw_pixels,0,334,0,0
raw_pixels,0,338,6,6
raw_pixels,0,339,3,3
raw_pixels,0,349,1,1
raw_pixels,0,351,6,6
raw_pixels,0,353,4,4
raw_pixels,0,356,4,4
raw_pixels,0,358,5,5
raw_pixels,0,360,6,6
raw_pixels,0,363,1,6
raw_pixels,0,371,2,2
raw_pixels,0,381,9,9
raw_pixels,0,394,8,8
raw_pixels,0,397,1,1
raw_pixels,0,399,3,3
raw_pixels,0,406,0,0
raw_pixels,0,407,1,1
raw_pixels,0,408,2,2
raw_pixels,0,414,8,8
raw_pixels,0,419,5,5
raw_pixels,0,422,0,0
raw_pixels,0,424,8,8
raw_pixels,0,425,9,9
raw_pixels,0,428,1,1
raw_pixels,0,429,7,7
raw_pixels,0,435,0,0
raw_pixels,0,441,0,0
raw_pixels,0,452,6,6
raw_pixels,0,454,4,4
raw_pixels,0,457,5,5
raw_pixels,0,471,1,1
raw_pixels,0,478,9,9
raw_pixels,0,479,1,1
raw_pixels,0,484,3,3
raw_pixels,0,487,0,0
raw_pixels,0,489,3,3
raw_pixels,0,490,6,6
raw_pixels,0,498,7,7
raw_pixels,0,499,2,2
raw_pixels,0,500,8,8
raw_pixels,0,502,2,2
raw_pixels,0,503,5,5
raw_pixels,0,505,9,9
raw_pixels,0,508,8,8
raw_pixels,0,510,4,4
raw_pixels,0,513,8,8
raw_pixels,0,520,4,4
raw_pixels,0,539,3,8
raw_pixels,0,541,5,5
raw_pixels,0,543,7,7
raw_pixels,0,558,1,1
raw_pixels,0,559,7,7
raw_pixels,0,568,7,7
raw_pixels,0,569,8,8
raw_pixels,0,577,7,7
raw_pixels,0,578,3,8
raw_pixels,0,583,6,6
raw_pixels,0,586,1,1
raw_pixels,0,588,0,0
raw_pixels,0,591,2,2
raw_pixels,0,594,0,0
raw_pixels,0,607,3,8
raw_pixels,0,613,4,4
raw_pixels,0,616,4,4
raw_pixels,0,625,5,5
raw_pixels,0,628,7,7
raw_pixels,0,629,2,2
raw_pixels,0,635,9,9
raw_pixels,0,639,8,8
raw_pixels,0,642,0,0
raw_pixels,0,652,6,6
raw_pixels,0,659,3,3
raw_pixels,0,673,7,7
raw_pixels,0,682,0,0
raw_pixels,0,694,0,0
raw_pixels,0,697,2,2
raw_pixels,0,700,2,2
raw_pixels,0,703,2,2
raw_pixels,0,705,3,3
raw_pixels,0,719,9,9
raw_pixels,0,722,8,8
raw_pixels,0,723,2,8
raw_pixels,0,727,7,7
raw_pixels,0,730,2,2
raw_pixels,0,738,9,9
raw_pixels,0,741,6,6
raw_pixels,0,742,8,8
raw_pixels,0,747,0,0
raw_pixels,0,749,3,3
raw_pixels,0,756,4,4
raw_pixels,0,758,7,7
raw_pixels,0,759,2,2
raw_pixels,0,763,5,5
raw_pixels,0,764,7,7
raw_pixels,0,766,5,5
raw_pixels,0,767,4,4
raw_pixels,0,769,8,2
raw_pixels,0,773,8,8
raw_pixels,0,775,8,8
raw_pixels,0,785,9,9
raw_pixels,0,787,1,1
raw_pixels,0,789,3,3
raw_pixels,0,797,1,1
raw_pixels,0,802,6,6
raw_pixels,0,803,7,7
raw_pixels,0,805,9,9
raw_pixels,0,811,5,5
raw_pixels,0,814,8,8
raw_pixels,0,823,1,1
raw_pixels,0,826,2,2
raw_pixels,0,831,0,0
raw_pixels,0,841,6,6
raw_pixels,0,844,4,4
raw_pixels,0,850,5,5
raw_pixels,0,856,1,1
raw_pixels,0,859,3,3
raw_pixels,0,864,6,6
raw_pixels,0,869,1,1
raw_pixels,0,874,3,3
raw_pixels,0,882,6,6
raw_pixels,0,883,1,1
raw_pixels,0,885,5,5
raw_pixels,0,890,8,1
raw_pixels,0,896,5,5
raw_pixels,0,898,8,8
raw_pixels,0,900,4,4
raw_pixels,0,906,1,1
raw_pixels,0,908,3,3
raw_pixels,0,911,6,6
raw_pixels,0,912,7,7
raw_pixels,0,919,4,4
raw_pixels,0,924,9,9
raw_pixels,0,936,9,9
raw_pixels,0,941,0,0
raw_pixels,0,945,8,8
raw_pixels,0,947,1,1
raw_pixels,0,957,0,0
raw_pixels,0,970,4,4
raw_pixels,0,976,5,5
raw_pixels,0,982,1,1
raw_pixels,0,991,1,1
raw_pixels,0,995,7,7
raw_pixels,0,1002,0,0
raw_pixels,0,1003,5,5
raw_pixels,0,1005,6,6
raw_pixels,0,1010,5,5
raw_pixels,0,1021,5,5
raw_pixels,0,1023,4,4
raw_pixels,0,1028,8,8
raw_pixels,0,1029,0,0
raw_pixels,0,1030,1,1
raw_pixels,0,1035,6,6
raw_pixels,0,1038,9,9
raw_pixels,0,1057,8,8
raw_pixels,0,1067,8,8
raw_pixels,0,1070,4,4
raw_pixels,0,1075,5,5
raw_pixels,0,1076,1,1
raw_pixels,0,1078,0,0
raw_pixels,0,1083,1,1
raw_pixels,0,1093,6,6
raw_pixels,0,1094,6,6
raw_pixels,0,1095,4,9
raw_pixels,0,1097,1,1
raw_pixels,0,1098,5,5
raw_pixels,0,1107,1,1
raw_pixels,0,1119,9,9
raw_pixels,0,1121,7,7
raw_pixels,0,1123,8,8
raw_pixels,0,1129,5,5
raw_pixels,0,1133,6,6
raw_pixels,0,1136,5,5
raw_pixels,0,1138,4,4
raw_pixels,0,1139,7,7
raw_pixels,0,1142,2,2
raw_pixels,0,1143,2,2
raw_pixels,0,1149,8,1
raw_pixels,0,1153,0,0
raw_pixels,0,1159,2,2
raw_pixels,0,1167,0,0
raw_pixels,0,1168,1,1
raw_pixels,0,1173,6,6
raw_pixels,0,1179,2,2
raw_pixels,0,1181,4,4
raw_pixels,0,1186,9,9
raw_pixels,0,1188,9,9
raw_pixels,0,1200,7,7
raw_pixels,0,1201,7,7
raw_pixels,0,1203,5,5
raw_pixels,0,1207,2,2
raw_pixels,0,1208,2,2
raw_pixels,0,1209,7,7
raw_pixels,0,1212,0,0
raw_pixels,0,1220,3,3
raw_pixels,0,1222,6,6
raw_pixels,0,1224,6,6
raw_pixels,0,1231,5,5
raw_pixels,0,1237,1,1
raw_pixels,0,1239,6,6
raw_pixels,0,1243,7,7
raw_pixels,0,1250,1,1
raw_pixels,0,1256,1,6
raw_pixels,0,1258,0,0
raw_pixels,0,1268,4,4
raw_pixels,0,1272,2,2
raw_pixels,0,1280,8,8
raw_pixels,0,1291,4,4
raw_pixels,0,1300,3,3
raw_pixels,0,1306,9,9
raw_pixels,0,1307,0,0
raw_pixels,0,1312,5,5
raw_pixels,0,1316,9,9
raw_pixels,0,1321,6,6
raw_pixels,0,1323,0,0
raw_pixels,0,1339,7,7
raw_pixels,0,1346,3,3
raw_pixels,0,1355,4,4
raw_pixels,0,1360,9,9
raw_pixels,0,1364,2,2
raw_pixels,0,1368,7,7
raw_pixels,0,1373,7,7
raw_pixels,0,1374,4,4
raw_pixels,0,1379,9,9
raw_pixels,0,1381,7,7
raw_pixels,0,1383,8,8
raw_pixels,0,1387,4,4
raw_pixels,0,1392,9,9
raw_pixels,0,1405,7,7
raw_pixels,0,1406,9,9
raw_pixels,0,1407,5,5
raw_pixels,0,1414,8,8
raw_pixels,0,1427,2,2
raw_pixels,0,1431,6,6
raw_pixels,0,1434,9,9
raw_pixels,0,1442,7,7
raw_pixels,0,1444,9,9
raw_pixels,0,1447,5,5
raw_pixels,0,1448,5,5
raw_pixels,0,1457,1,1
raw_pixels,0,1463,0,0
raw_pixels,0,1473,6,6
raw_pixels,0,1475,3,3
raw_pixels,0,1476,7,7
raw_pixels,0,1479,4,4
raw_pixels,0,1484,9,9
raw_pixels,0,1487,0,0
raw_pixels,0,1490,2,2
raw_pixels,0,1496,7,7
raw_pixels,0,1498,3,3
raw_pixels,0,1502,4,4
raw_pixels,0,1503,6,6
raw_pixels,0,1509,7,7
raw_pixels,0,1513,3,3
raw_pixels,0,1514,1,1
raw_pixels,0,1519,6,6
raw_pixels,0,1520,9,9
raw_pixels,0,1528,2,2
raw_pixels,0,1529,8,8
raw_pixels,0,1543,9,9
raw_pixels,0,1544,8,8
raw_pixels,0,1545,0,0
raw_pixels,0,1556,1,1
raw_pixels,0,1575,5,5
raw_pixels,0,1579,0,0
raw_pixels,0,1588,3,3
raw_pixels,0,1613,1,1
raw_pixels,0,1614,5,5
raw_pixels,0,1616,9,9
raw_pixels,0,1617,5,5
raw_pixels,0,1628,4,4
raw_pixels,0,1632,3,3
raw_pixels,0,1633,9,9
raw_pixels,0,1639,3,3
raw_pixels,0,1644,3,3
raw_pixels,0,1645,6,6
raw_pixels,0,1651,4,4
raw_pixels,0,1652,4,4
raw_pixels,0,1653,7,7
raw_pixels,0,1656,5,5
raw_pixels,0,1664,8,8
raw_pixels,0,1665,9,9
raw_pixels,0,1667,0,0
raw_pixels,0,1670,3,3
raw_pixels,0,1671,4,4
raw_pixels,0,1673,6,6
raw_pixels,0,1674,7,7
raw_pixels,0,1681,4,4
raw_pixels,0,1689,2,2
raw_pixels,0,1690,3,8
raw_pixels,0,1695,8,8
raw_pixels,0,1701,6,6
raw_pixels,0,1708,4,4
raw_pixels,0,1711,7,7
raw_pixels,0,1712,3,3
raw_pixels,0,1718,2,2
raw_pixels,0,1719,7,7
raw_pixels,0,1723,1,1
raw_pixels,0,1726,3,8
raw_pixels,0,1732,6,6
raw_pixels,0,1744,2,2
raw_pixels,0,1754,4,4
raw_pixels,0,1755,6,6
raw_pixels,0,1765,3,5
raw_pixels,0,1783,2,2
raw_pixels,0,1784,5,5
raw_pixels,0,1792,9,9
pca12,0,11,1,1
pca12,0,19,9,9
pca12,0,24,4,4
pca12,0,27,7,7
pca12,0,36,0,0
pca12,0,60,3,3
pca12,0,75,2,2
pca12,0,77,2,1
pca12,0,79,0,0
pca12,0,84,2,2
pca12,0,91,3,3
pca12,0,92,9,9
pca12,0,107,1,1
pca12,0,113,2,2
pca12,0,114,8,8
pca12,0,117,5,5
pca12,0,127,8,8
pca12,0,135,5,5
pca12,0,138,8,8
pca12,0,139,9,9
pca12,0,144,4,4
pca12,0,149,9,9
pca12,0,150,0,0
pca12,0,155,5,5
pca12,0,166,0,0
pca12,0,168,8,8
pca12,0,179,0,0
pca12,0,187,2,1
pca12,0,189,3,3
pca12,0,205,2,2
pca12,0,217,3,3
pca12,0,219,3,3
pca12,0,222,7,7
pca12,0,223,6,6
pca12,0,224,8,8
pca12,0,226,3,3
pca12,0,228,4,4
pca12,0,231,3,3
pca12,0,240,7,7
pca12,0,244,2,2
pca12,0,249,8,8
pca12,0,252,0,0
pca12,0,261,5,5
pca12,0,262,6,6
pca12,0,271,5,5
pca12,0,272,6,6
pca12,0,276,0,0
pca12,0,277,1,1
pca12,0,280,4,4
pca12,0,287,9,9
pca12,0,291,5,5
pca12,0,295,9,9
pca12,0,319,3,3
pca12,0,323,6,6
pca12,0,334,0,0
pca12,0,338,6,6
pca12,0,339,3,3
pca12,0,349,1,1
pca12,0,351,6,6
pca12,0,353,4,4
pca12,0,356,4,4
pca12,0,358,5,5
pca12,0,360,6,6
pca12,0,363,1,8
pca12,0,371,2,2
pca12,0,381,9,9
pca12,0,394,8,8
pca12,0,397,1,1
pca12,0,399,3,3
pca12,0,406,0,0
pca12,0,407,1,1
pca12,0,408,2,2
pca12,0,414,8,8
pca12,0,419,5,5
pca12,0,422,0,0
pca12,0,424,8,8
pca12,0,425,9,9
pca12,0,428,1,1
pca12,0,429,7,7
pca12,0,435,0,0
pca12,0,441,0,0
pca12,0,452,6,6
pca12,0,454,4,4
pca12,0,457,5,9
pca12,0,471,1,1
pca12,0,478,9,9
pca12,0,479,1,1
pca12,0,484,3,3
pca12,0,487,0,0
pca12,0,489,3,5
pca12,0,490,6,6
pca12,0,498,7,7
pca12,0,499,2,2
pca12,0,500,8,8
pca12,0,502,2,2
pca12,0,503,5,5
pca12,0,505,9,9
pca12,0,508,8,8
pca12,0,510,4,4
pca12,0,513,8,8
pca12,0,520,4,4
pca12,0,539,3,2
pca12,0,541,5,5
pca12,0,543,7,7
pca12,0,558,1,1
pca12,0,559,7,7
pca12,0,568,7,7
pca12,0,569,8,8
pca12,0,577,7,7
pca12,0,578,3,8
pca12,0,583,6,6
pca12,0,586,1,1
pca12,0,588,0,0
pca12,0,591,2,2
pca12,0,594,0,0
pca12,0,607,3,8
pca12,0,613,4,4
pca12,0,616,4,4
pca12,0,625,5,5
pca12,0,628,7,7
pca12,0,629,2,2
pca12,0,635,9,9
pca12,0,639,8,1
pca12,0,642,0,0
pca12,0,652,6,6
pca12,0,659,3,3
pca12,0,673,7,7
pca12,0,682,0,0
pca12,0,694,0,0
pca12,0,697,2,2
pca12,0,700,2,2
pca12,0,703,2,2
pca12,0,705,3,3
pca12,0,719,9,9
pca12,0,722,8,8
pca12,0,723,2,2
pca12,0,727,7,7
pca12,0,730,2,2
pca12,0,738,9,9
pca12,0,741,6,6
pca12,0,742,8,8
pca12,0,747,0,0
pca12,0,749,3,3
pca12,0,756,4,4
pca12,0,758,7,7
pca12,0,759,2,2
pca12,0,763,5,5
pca12,0,764,7,7
pca12,0,766,5,5
pca12,0,767,4,4
pca12,0,769,8,4
pca12,0,773,8,8
pca12,0,775,8,8
pca12,0,785,9,9
pca12,0,787,1,1
pca12,0,789,3,3
pca12,0,797,1,1
pca12,0,802,6,6
pca12,0,803,7,7
pca12,0,805,9,9
pca12,0,811,5,5
pca12,0,814,8,3
pca12,0,823,1,1
pca12,0,826,2,2
pca12,0,831,0,0
pca12,0,841,6,6
pca12,0,844,4,4
pca12,0,850,5,5
pca12,0,856,1,1
pca12,0,859,3,3
pca12,0,864,6,6
pca12,0,869,1,1
pca12,0,874,3,3
pca12,0,882,6,6
pca12,0,883,1,1
pca12,0,885,5,5
pca12,0,890,8,1
pca12,0,896,5,5
pca12,0,898,8,8
pca12,0,900,4,4
pca12,0,906,1,1
pca12,0,908,3,3
pca12,0,911,6,6
pca12,0,912,7,7
pca12,0,919,4,4
pca12,0,924,9,9
pca12,0,936,9,9
pca12,0,941,0,0
pca12,0,945,8,8
pca12,0,947,1,1
pca12,0,957,0,0
pca12,0,970,4,4
pca12,0,976,5,5
pca12,0,982,1,1
pca12,0,991,1,1
pca12,0,995,7,7
pca12,0,1002,0,0
pca12,0,1003,5,5
pca12,0,1005,6,6
pca12,0,1010,5,5
pca12,0,1021,5,5
pca12,0,1023,4,4
pca12,0,1028,8,8
pca12,0,1029,0,0
pca12,0,1030,1,1
pca12,0,1035,6,6
pca12,0,1038,9,9
pca12,0,1057,8,8
pca12,0,1067,8,8
pca12,0,1070,4,4
pca12,0,1075,5,5
pca12,0,1076,1,1
pca12,0,1078,0,2
pca12,0,1083,1,6
pca12,0,1093,6,6
pca12,0,1094,6,6
pca12,0,1095,4,9
pca12,0,1097,1,1
pca12,0,1098,5,5
pca12,0,1107,1,1
pca12,0,1119,9,9
pca12,0,1121,7,7
pca12,0,1123,8,8
pca12,0,1129,5,5
pca12,0,1133,6,6
pca12,0,1136,5,5
pca12,0,1138,4,4
pca12,0,1139,7,7
pca12,0,1142,2,2
pca12,0,1143,2,2
pca12,0,1149,8,1
pca12,0,1153,0,0
pca12,0,1159,2,2
pca12,0,1167,0,0
pca12,0,1168,1,1
pca12,0,1173,6,6
pca12,0,1179,2,2
pca12,0,1181,4,4
pca12,0,1186,9,9
pca12,0,1188,9,9
pca12,0,1200,7,7
pca12,0,1201,7,7
pca12,0,1203,5,5
pca12,0,1207,2,2
pca12,0,1208,2,2
pca12,0,1209,7,7
pca12,0,1212,0,0
pca12,0,1220,3,3
pca12,0,1222,6,6
pca12,0,1224,6,6
pca12,0,1231,5,5
pca12,0,1237,1,1
pca12,0,1239,6,6
pca12,0,1243,7,7
pca12,0,1250,1,1
pca12,0,1256,1,6
pca12,0,1258,0,0
pca12,0,1268,4,4
pca12,0,1272,2,2
pca12,0,1280,8,8
pca12,0,1291,4,4
pca12,0,1300,3,3
pca12,0,1306,9,9
pca12,0,1307,0,0
pca12,0,1312,5,5
pca12,0,1316,9,9
pca12,0,1321,6,6
pca12,0,1323,0,0
pca12,0,1339,7,7
pca12,0,1346,3,3
pca12,0,1355,4,4
pca12,0,1360,9,9
pca12,0,1364,2,2
pca12,0,1368,7,7
pca12,0,1373,7,7
pca12,0,1374,4,4
pca12,0,1379,9,9
pca12,0,1381,7,7
pca12,0,1383,8,8
pca12,0,1387,4,4
pca12,0,1392,9,9
pca12,0,1405,7,7
pca12,0,1406,9,9
pca12,0,1407,5,5
pca12,0,1414,8,8
pca12,0,1427,2,2
pca12,0,1431,6,6
pca12,0,1434,9,9
pca12,0,1442,7,7
pca12,0,1444,9,9
pca12,0,1447,5,5
pca12,0,1448,5,5
pca12,0,1457,1,9
pca12,0,1463,0,0
pca12,0,1473,6,6
pca12,0,1475,3,3
pca12,0,1476,7,7
pca12,0,1479,4,4
pca12,0,1484,9,9
pca12,0,1487,0,0
pca12,0,1490,2,2
pca12,0,1496,7,7
pca12,0,1498,3,3
pca12,0,1502,4,4
pca12,0,1503,6,6
pca12,0,1509,7,7
pca12,0,1513,3,3
pca12,0,1514,1,9
pca12,0,1519,6,6
pca12,0,1520,9,9
pca12,0,1528,2,2
pca12,0,1529,8,5
pca12,0,1543,9,9
pca12,0,1544,8,8
pca12,0,1545,0,0
pca12,0,1556,1,1
pca12,0,1575,5,5
pca12,0,1579,0,0
pca12,0,1588,3,3
pca12,0,1613,1,1
pca12,0,1614,5,5
pca12,0,1616,9,9
pca12,0,1617,5,5
pca12,0,1628,4,9
pca12,0,1632,3,1
pca12,0,1633,9,9
pca12,0,1639,3,3
pca12,0,1644,3,3
pca12,0,1645,6,6
pca12,0,1651,4,4
pca12,0,1652,4,4
pca12,0,1653,7,7
pca12,0,1656,5,5
pca12,0,1664,8,8
pca12,0,1665,9,9
pca12,0,1667,0,0
pca12,0,1670,3,3
pca12,0,1671,4,4
pca12,0,1673,6,6
pca12,0,1674,7,7
pca12,0,1681,4,4
pca12,0,1689,2,2
pca12,0,1690,3,5
pca12,0,1695,8,8
pca12,0,1701,6,6
pca12,0,1708,4,4
pca12,0,1711,7,7
pca12,0,1712,3,3
pca12,0,1718,2,2
pca12,0,1719,7,7
pca12,0,1723,1,1
pca12,0,1726,3,8
pca12,0,1732,6,6
pca12,0,1744,2,2
pca12,0,1754,4,4
pca12,0,1755,6,6
pca12,0,1765,3,5
pca12,0,1783,2,2
pca12,0,1784,5,5
pca12,0,1792,9,9
label_independent_gaussian,80,11,1,0
label_independent_gaussian,80,19,9,9
label_independent_gaussian,80,24,4,4
label_independent_gaussian,80,27,7,5
label_independent_gaussian,80,36,0,6
label_independent_gaussian,80,60,3,0
label_independent_gaussian,80,75,2,6
label_independent_gaussian,80,77,2,7
label_independent_gaussian,80,79,0,2
label_independent_gaussian,80,84,2,4
label_independent_gaussian,80,91,3,4
label_independent_gaussian,80,92,9,9
label_independent_gaussian,80,107,1,8
label_independent_gaussian,80,113,2,5
label_independent_gaussian,80,114,8,0
label_independent_gaussian,80,117,5,4
label_independent_gaussian,80,127,8,8
label_independent_gaussian,80,135,5,9
label_independent_gaussian,80,138,8,7
label_independent_gaussian,80,139,9,4
label_independent_gaussian,80,144,4,8
label_independent_gaussian,80,149,9,5
label_independent_gaussian,80,150,0,7
label_independent_gaussian,80,155,5,4
label_independent_gaussian,80,166,0,6
label_independent_gaussian,80,168,8,5
label_independent_gaussian,80,179,0,5
label_independent_gaussian,80,187,2,1
label_independent_gaussian,80,189,3,3
label_independent_gaussian,80,205,2,1
label_independent_gaussian,80,217,3,4
label_independent_gaussian,80,219,3,4
label_independent_gaussian,80,222,7,4
label_independent_gaussian,80,223,6,0
label_independent_gaussian,80,224,8,7
label_independent_gaussian,80,226,3,8
label_independent_gaussian,80,228,4,1
label_independent_gaussian,80,231,3,8
label_independent_gaussian,80,240,7,4
label_independent_gaussian,80,244,2,2
label_independent_gaussian,80,249,8,2
label_independent_gaussian,80,252,0,9
label_independent_gaussian,80,261,5,4
label_independent_gaussian,80,262,6,8
label_independent_gaussian,80,271,5,9
label_independent_gaussian,80,272,6,1
label_independent_gaussian,80,276,0,4
label_independent_gaussian,80,277,1,6
label_independent_gaussian,80,280,4,6
label_independent_gaussian,80,287,9,4
label_independent_gaussian,80,291,5,5
label_independent_gaussian,80,295,9,2
label_independent_gaussian,80,319,3,3
label_independent_gaussian,80,323,6,3
label_independent_gaussian,80,334,0,5
label_independent_gaussian,80,338,6,1
label_independent_gaussian,80,339,3,3
label_independent_gaussian,80,349,1,4
label_independent_gaussian,80,351,6,5
label_independent_gaussian,80,353,4,3
label_independent_gaussian,80,356,4,7
label_independent_gaussian,80,358,5,7
label_independent_gaussian,80,360,6,6
label_independent_gaussian,80,363,1,5
label_independent_gaussian,80,371,2,0
label_independent_gaussian,80,381,9,0
label_independent_gaussian,80,394,8,4
label_independent_gaussian,80,397,1,4
label_independent_gaussian,80,399,3,6
label_independent_gaussian,80,406,0,6
label_independent_gaussian,80,407,1,6
label_independent_gaussian,80,408,2,4
label_independent_gaussian,80,414,8,9
label_independent_gaussian,80,419,5,6
label_independent_gaussian,80,422,0,2
label_independent_gaussian,80,424,8,4
label_independent_gaussian,80,425,9,4
label_independent_gaussian,80,428,1,5
label_independent_gaussian,80,429,7,6
label_independent_gaussian,80,435,0,9
label_independent_gaussian,80,441,0,1
label_independent_gaussian,80,452,6,7
label_independent_gaussian,80,454,4,6
label_independent_gaussian,80,457,5,6
label_independent_gaussian,80,471,1,4
label_independent_gaussian,80,478,9,3
label_independent_gaussian,80,479,1,2
label_independent_gaussian,80,484,3,4
label_independent_gaussian,80,487,0,8
label_independent_gaussian,80,489,3,9
label_independent_gaussian,80,490,6,5
label_independent_gaussian,80,498,7,7
label_independent_gaussian,80,499,2,4
label_independent_gaussian,80,500,8,9
label_independent_gaussian,80,502,2,3
label_independent_gaussian,80,503,5,5
label_independent_gaussian,80,505,9,7
label_independent_gaussian,80,508,8,2
label_independent_gaussian,80,510,4,6
label_independent_gaussian,80,513,8,0
label_independent_gaussian,80,520,4,3
label_independent_gaussian,80,539,3,3
label_independent_gaussian,80,541,5,3
label_independent_gaussian,80,543,7,3
label_independent_gaussian,80,558,1,3
label_independent_gaussian,80,559,7,1
label_independent_gaussian,80,568,7,1
label_independent_gaussian,80,569,8,1
label_independent_gaussian,80,577,7,3
label_independent_gaussian,80,578,3,6
label_independent_gaussian,80,583,6,3
label_independent_gaussian,80,586,1,8
label_independent_gaussian,80,588,0,8
label_independent_gaussian,80,591,2,4
label_independent_gaussian,80,594,0,6
label_independent_gaussian,80,607,3,4
label_independent_gaussian,80,613,4,2
label_independent_gaussian,80,616,4,3
label_independent_gaussian,80,625,5,5
label_independent_gaussian,80,628,7,0
label_independent_gaussian,80,629,2,8
label_independent_gaussian,80,635,9,4
label_independent_gaussian,80,639,8,6
label_independent_gaussian,80,642,0,2
label_independent_gaussian,80,652,6,4
label_independent_gaussian,80,659,3,0
label_independent_gaussian,80,673,7,0
label_independent_gaussian,80,682,0,5
label_independent_gaussian,80,694,0,4
label_independent_gaussian,80,697,2,5
label_independent_gaussian,80,700,2,9
label_independent_gaussian,80,703,2,0
label_independent_gaussian,80,705,3,2
label_independent_gaussian,80,719,9,7
label_independent_gaussian,80,722,8,7
label_independent_gaussian,80,723,2,3
label_independent_gaussian,80,727,7,6
label_independent_gaussian,80,730,2,1
label_independent_gaussian,80,738,9,1
label_independent_gaussian,80,741,6,2
label_independent_gaussian,80,742,8,6
label_independent_gaussian,80,747,0,0
label_independent_gaussian,80,749,3,9
label_independent_gaussian,80,756,4,9
label_independent_gaussian,80,758,7,7
label_independent_gaussian,80,759,2,2
label_independent_gaussian,80,763,5,9
label_independent_gaussian,80,764,7,3
label_independent_gaussian,80,766,5,9
label_independent_gaussian,80,767,4,8
label_independent_gaussian,80,769,8,5
label_independent_gaussian,80,773,8,9
label_independent_gaussian,80,775,8,7
label_independent_gaussian,80,785,9,4
label_independent_gaussian,80,787,1,6
label_independent_gaussian,80,789,3,6
label_independent_gaussian,80,797,1,2
label_independent_gaussian,80,802,6,6
label_independent_gaussian,80,803,7,8
label_independent_gaussian,80,805,9,2
label_independent_gaussian,80,811,5,6
label_independent_gaussian,80,814,8,2
label_independent_gaussian,80,823,1,6
label_independent_gaussian,80,826,2,8
label_independent_gaussian,80,831,0,8
label_independent_gaussian,80,841,6,9
label_independent_gaussian,80,844,4,3
label_independent_gaussian,80,850,5,1
label_independent_gaussian,80,856,1,6
label_independent_gaussian,80,859,3,2
label_independent_gaussian,80,864,6,2
label_independent_gaussian,80,869,1,6
label_independent_gaussian,80,874,3,9
label_independent_gaussian,80,882,6,3
label_independent_gaussian,80,883,1,7
label_independent_gaussian,80,885,5,5
label_independent_gaussian,80,890,8,9
label_independent_gaussian,80,896,5,5
label_independent_gaussian,80,898,8,2
label_independent_gaussian,80,900,4,4
label_independent_gaussian,80,906,1,7
label_independent_gaussian,80,908,3,8
label_independent_gaussian,80,911,6,3
label_independent_gaussian,80,912,7,8
label_independent_gaussian,80,919,4,4
label_independent_gaussian,80,924,9,2
label_independent_gaussian,80,936,9,2
label_independent_gaussian,80,941,0,9
label_independent_gaussian,80,945,8,2
label_independent_gaussian,80,947,1,4
label_independent_gaussian,80,957,0,4
label_independent_gaussian,80,970,4,8
label_independent_gaussian,80,976,5,7
label_independent_gaussian,80,982,1,5
label_independent_gaussian,80,991,1,3
label_independent_gaussian,80,995,7,1
label_independent_gaussian,80,1002,0,1
label_independent_gaussian,80,1003,5,2
label_independent_gaussian,80,1005,6,9
label_independent_gaussian,80,1010,5,6
label_independent_gaussian,80,1021,5,3
label_independent_gaussian,80,1023,4,6
label_independent_gaussian,80,1028,8,4
label_independent_gaussian,80,1029,0,7
label_independent_gaussian,80,1030,1,4
label_independent_gaussian,80,1035,6,2
label_independent_gaussian,80,1038,9,7
label_independent_gaussian,80,1057,8,8
label_independent_gaussian,80,1067,8,7
label_independent_gaussian,80,1070,4,9
label_independent_gaussian,80,1075,5,1
label_independent_gaussian,80,1076,1,6
label_independent_gaussian,80,1078,0,3
label_independent_gaussian,80,1083,1,4
label_independent_gaussian,80,1093,6,6
label_independent_gaussian,80,1094,6,3
label_independent_gaussian,80,1095,4,1
label_independent_gaussian,80,1097,1,2
label_independent_gaussian,80,1098,5,4
label_independent_gaussian,80,1107,1,1
label_independent_gaussian,80,1119,9,4
label_independent_gaussian,80,1121,7,9
label_independent_gaussian,80,1123,8,9
label_independent_gaussian,80,1129,5,8
label_independent_gaussian,80,1133,6,6
label_independent_gaussian,80,1136,5,3
label_independent_gaussian,80,1138,4,6
label_independent_gaussian,80,1139,7,6
label_independent_gaussian,80,1142,2,4
label_independent_gaussian,80,1143,2,8
label_independent_gaussian,80,1149,8,2
label_independent_gaussian,80,1153,0,2
label_independent_gaussian,80,1159,2,7
label_independent_gaussian,80,1167,0,4
label_independent_gaussian,80,1168,1,8
label_independent_gaussian,80,1173,6,2
label_independent_gaussian,80,1179,2,0
label_independent_gaussian,80,1181,4,7
label_independent_gaussian,80,1186,9,0
label_independent_gaussian,80,1188,9,3
label_independent_gaussian,80,1200,7,4
label_independent_gaussian,80,1201,7,2
label_independent_gaussian,80,1203,5,3
label_independent_gaussian,80,1207,2,3
label_independent_gaussian,80,1208,2,3
label_independent_gaussian,80,1209,7,4
label_independent_gaussian,80,1212,0,3
label_independent_gaussian,80,1220,3,3
label_independent_gaussian,80,1222,6,3
label_independent_gaussian,80,1224,6,4
label_independent_gaussian,80,1231,5,7
label_independent_gaussian,80,1237,1,6
label_independent_gaussian,80,1239,6,2
label_independent_gaussian,80,1243,7,7
label_independent_gaussian,80,1250,1,8
label_independent_gaussian,80,1256,1,9
label_independent_gaussian,80,1258,0,1
label_independent_gaussian,80,1268,4,1
label_independent_gaussian,80,1272,2,3
label_independent_gaussian,80,1280,8,8
label_independent_gaussian,80,1291,4,8
label_independent_gaussian,80,1300,3,6
label_independent_gaussian,80,1306,9,3
label_independent_gaussian,80,1307,0,4
label_independent_gaussian,80,1312,5,2
label_independent_gaussian,80,1316,9,6
label_independent_gaussian,80,1321,6,8
label_independent_gaussian,80,1323,0,8
label_independent_gaussian,80,1339,7,4
label_independent_gaussian,80,1346,3,8
label_independent_gaussian,80,1355,4,7
label_independent_gaussian,80,1360,9,7
label_independent_gaussian,80,1364,2,8
label_independent_gaussian,80,1368,7,5
label_independent_gaussian,80,1373,7,4
label_independent_gaussian,80,1374,4,5
label_independent_gaussian,80,1379,9,8
label_independent_gaussian,80,1381,7,9
label_independent_gaussian,80,1383,8,1
label_independent_gaussian,80,1387,4,9
label_independent_gaussian,80,1392,9,2
label_independent_gaussian,80,1405,7,3
label_independent_gaussian,80,1406,9,1
label_independent_gaussian,80,1407,5,6
label_independent_gaussian,80,1414,8,4
label_independent_gaussian,80,1427,2,4
label_independent_gaussian,80,1431,6,6
label_independent_gaussian,80,1434,9,3
label_independent_gaussian,80,1442,7,7
label_independent_gaussian,80,1444,9,9
label_independent_gaussian,80,1447,5,7
label_independent_gaussian,80,1448,5,4
label_independent_gaussian,80,1457,1,2
label_independent_gaussian,80,1463,0,9
label_independent_gaussian,80,1473,6,9
label_independent_gaussian,80,1475,3,8
label_independent_gaussian,80,1476,7,2
label_independent_gaussian,80,1479,4,0
label_independent_gaussian,80,1484,9,3
label_independent_gaussian,80,1487,0,6
label_independent_gaussian,80,1490,2,3
label_independent_gaussian,80,1496,7,8
label_independent_gaussian,80,1498,3,5
label_independent_gaussian,80,1502,4,4
label_independent_gaussian,80,1503,6,4
label_independent_gaussian,80,1509,7,1
label_independent_gaussian,80,1513,3,8
label_independent_gaussian,80,1514,1,9
label_independent_gaussian,80,1519,6,8
label_independent_gaussian,80,1520,9,6
label_independent_gaussian,80,1528,2,5
label_independent_gaussian,80,1529,8,7
label_independent_gaussian,80,1543,9,4
label_independent_gaussian,80,1544,8,1
label_independent_gaussian,80,1545,0,3
label_independent_gaussian,80,1556,1,0
label_independent_gaussian,80,1575,5,1
label_independent_gaussian,80,1579,0,2
label_independent_gaussian,80,1588,3,3
label_independent_gaussian,80,1613,1,6
label_independent_gaussian,80,1614,5,9
label_independent_gaussian,80,1616,9,4
label_independent_gaussian,80,1617,5,3
label_independent_gaussian,80,1628,4,8
label_independent_gaussian,80,1632,3,9
label_independent_gaussian,80,1633,9,8
label_independent_gaussian,80,1639,3,4
label_independent_gaussian,80,1644,3,5
label_independent_gaussian,80,1645,6,8
label_independent_gaussian,80,1651,4,6
label_independent_gaussian,80,1652,4,2
label_independent_gaussian,80,1653,7,4
label_independent_gaussian,80,1656,5,4
label_independent_gaussian,80,1664,8,3
label_independent_gaussian,80,1665,9,4
label_independent_gaussian,80,1667,0,6
label_independent_gaussian,80,1670,3,8
label_independent_gaussian,80,1671,4,7
label_independent_gaussian,80,1673,6,0
label_independent_gaussian,80,1674,7,8
label_independent_gaussian,80,1681,4,4
label_independent_gaussian,80,1689,2,1
label_independent_gaussian,80,1690,3,2
label_independent_gaussian,80,1695,8,8
label_independent_gaussian,80,1701,6,3
label_independent_gaussian,80,1708,4,0
label_independent_gaussian,80,1711,7,1
label_independent_gaussian,80,1712,3,3
label_independent_gaussian,80,1718,2,1
label_independent_gaussian,80,1719,7,5
label_independent_gaussian,80,1723,1,4
label_independent_gaussian,80,1726,3,0
label_independent_gaussian,80,1732,6,1
label_independent_gaussian,80,1744,2,3
label_independent_gaussian,80,1754,4,8
label_independent_gaussian,80,1755,6,9
label_independent_gaussian,80,1765,3,3
label_independent_gaussian,80,1783,2,3
label_independent_gaussian,80,1784,5,5
label_independent_gaussian,80,1792,9,6
random_encoder,11,11,1,1
random_encoder,11,19,9,1
random_encoder,11,24,4,4
random_encoder,11,27,7,4
random_encoder,11,36,0,0
random_encoder,11,60,3,3
random_encoder,11,75,2,2
random_encoder,11,77,2,2
random_encoder,11,79,0,0
random_encoder,11,84,2,2
random_encoder,11,91,3,3
random_encoder,11,92,9,2
random_encoder,11,107,1,1
random_encoder,11,113,2,2
random_encoder,11,114,8,8
random_encoder,11,117,5,5
random_encoder,11,127,8,2
random_encoder,11,135,5,5
random_encoder,11,138,8,8
random_encoder,11,139,9,9
random_encoder,11,144,4,4
random_encoder,11,149,9,9
random_encoder,11,150,0,6
random_encoder,11,155,5,5
random_encoder,11,166,0,0
random_encoder,11,168,8,8
random_encoder,11,179,0,0
random_encoder,11,187,2,2
random_encoder,11,189,3,3
random_encoder,11,205,2,2
random_encoder,11,217,3,1
random_encoder,11,219,3,3
random_encoder,11,222,7,7
random_encoder,11,223,6,6
random_encoder,11,224,8,3
random_encoder,11,226,3,7
random_encoder,11,228,4,4
random_encoder,11,231,3,7
random_encoder,11,240,7,7
random_encoder,11,244,2,8
random_encoder,11,249,8,3
random_encoder,11,252,0,0
random_encoder,11,261,5,5
random_encoder,11,262,6,6
random_encoder,11,271,5,5
random_encoder,11,272,6,6
random_encoder,11,276,0,0
random_encoder,11,277,1,1
random_encoder,11,280,4,4
random_encoder,11,287,9,8
random_encoder,11,291,5,6
random_encoder,11,295,9,9
random_encoder,11,319,3,3
random_encoder,11,323,6,6
random_encoder,11,334,0,0
random_encoder,11,338,6,6
random_encoder,11,339,3,3
random_encoder,11,349,1,1
random_encoder,11,351,6,6
random_encoder,11,353,4,4
random_encoder,11,356,4,4
random_encoder,11,358,5,5
random_encoder,11,360,6,6
random_encoder,11,363,1,5
random_encoder,11,371,2,2
random_encoder,11,381,9,9
random_encoder,11,394,8,9
random_encoder,11,397,1,1
random_encoder,11,399,3,3
random_encoder,11,406,0,0
random_encoder,11,407,1,1
random_encoder,11,408,2,1
random_encoder,11,414,8,9
random_encoder,11,419,5,8
random_encoder,11,422,0,0
random_encoder,11,424,8,8
random_encoder,11,425,9,9
random_encoder,11,428,1,1
random_encoder,11,429,7,4
random_encoder,11,435,0,0
random_encoder,11,441,0,0
random_encoder,11,452,6,6
random_encoder,11,454,4,4
random_encoder,11,457,5,5
random_encoder,11,471,1,1
random_encoder,11,478,9,9
random_encoder,11,479,1,1
random_encoder,11,484,3,1
random_encoder,11,487,0,0
random_encoder,11,489,3,1
random_encoder,11,490,6,6
random_encoder,11,498,7,5
random_encoder,11,499,2,2
random_encoder,11,500,8,8
random_encoder,11,502,2,8
random_encoder,11,503,5,5
random_encoder,11,505,9,8
random_encoder,11,508,8,8
random_encoder,11,510,4,4
random_encoder,11,513,8,8
random_encoder,11,520,4,4
random_encoder,11,539,3,9
random_encoder,11,541,5,5
random_encoder,11,543,7,7
random_encoder,11,558,1,1
random_encoder,11,559,7,7
random_encoder,11,568,7,7
random_encoder,11,569,8,8
random_encoder,11,577,7,7
random_encoder,11,578,3,8
random_encoder,11,583,6,0
random_encoder,11,586,1,1
random_encoder,11,588,0,0
random_encoder,11,591,2,2
random_encoder,11,594,0,0
random_encoder,11,607,3,8
random_encoder,11,613,4,4
random_encoder,11,616,4,4
random_encoder,11,625,5,5
random_encoder,11,628,7,7
random_encoder,11,629,2,2
random_encoder,11,635,9,9
random_encoder,11,639,8,2
random_encoder,11,642,0,0
random_encoder,11,652,6,6
random_encoder,11,659,3,9
random_encoder,11,673,7,7
random_encoder,11,682,0,0
random_encoder,11,694,0,0
random_encoder,11,697,2,8
random_encoder,11,700,2,3
random_encoder,11,703,2,8
random_encoder,11,705,3,3
random_encoder,11,719,9,9
random_encoder,11,722,8,8
random_encoder,11,723,2,3
random_encoder,11,727,7,7
random_encoder,11,730,2,2
random_encoder,11,738,9,9
random_encoder,11,741,6,6
random_encoder,11,742,8,8
random_encoder,11,747,0,0
random_encoder,11,749,3,3
random_encoder,11,756,4,4
random_encoder,11,758,7,7
random_encoder,11,759,2,3
random_encoder,11,763,5,5
random_encoder,11,764,7,7
random_encoder,11,766,5,5
random_encoder,11,767,4,4
random_encoder,11,769,8,2
random_encoder,11,773,8,8
random_encoder,11,775,8,8
random_encoder,11,785,9,9
random_encoder,11,787,1,1
random_encoder,11,789,3,3
random_encoder,11,797,1,1
random_encoder,11,802,6,6
random_encoder,11,803,7,7
random_encoder,11,805,9,6
random_encoder,11,811,5,5
random_encoder,11,814,8,9
random_encoder,11,823,1,8
random_encoder,11,826,2,2
random_encoder,11,831,0,0
random_encoder,11,841,6,6
random_encoder,11,844,4,4
random_encoder,11,850,5,5
random_encoder,11,856,1,5
random_encoder,11,859,3,3
random_encoder,11,864,6,6
random_encoder,11,869,1,1
random_encoder,11,874,3,3
random_encoder,11,882,6,6
random_encoder,11,883,1,1
random_encoder,11,885,5,5
random_encoder,11,890,8,9
random_encoder,11,896,5,5
random_encoder,11,898,8,9
random_encoder,11,900,4,4
random_encoder,11,906,1,2
random_encoder,11,908,3,3
random_encoder,11,911,6,6
random_encoder,11,912,7,7
random_encoder,11,919,4,4
random_encoder,11,924,9,9
random_encoder,11,936,9,9
random_encoder,11,941,0,0
random_encoder,11,945,8,8
random_encoder,11,947,1,1
random_encoder,11,957,0,0
random_encoder,11,970,4,4
random_encoder,11,976,5,5
random_encoder,11,982,1,1
random_encoder,11,991,1,1
random_encoder,11,995,7,7
random_encoder,11,1002,0,0
random_encoder,11,1003,5,5
random_encoder,11,1005,6,6
random_encoder,11,1010,5,5
random_encoder,11,1021,5,9
random_encoder,11,1023,4,4
random_encoder,11,1028,8,8
random_encoder,11,1029,0,0
random_encoder,11,1030,1,1
random_encoder,11,1035,6,6
random_encoder,11,1038,9,1
random_encoder,11,1057,8,9
random_encoder,11,1067,8,8
random_encoder,11,1070,4,4
random_encoder,11,1075,5,5
random_encoder,11,1076,1,1
random_encoder,11,1078,0,6
random_encoder,11,1083,1,0
random_encoder,11,1093,6,6
random_encoder,11,1094,6,6
random_encoder,11,1095,4,4
random_encoder,11,1097,1,1
random_encoder,11,1098,5,5
random_encoder,11,1107,1,5
random_encoder,11,1119,9,9
random_encoder,11,1121,7,7
random_encoder,11,1123,8,9
random_encoder,11,1129,5,5
random_encoder,11,1133,6,6
random_encoder,11,1136,5,5
random_encoder,11,1138,4,4
random_encoder,11,1139,7,7
random_encoder,11,1142,2,2
random_encoder,11,1143,2,2
random_encoder,11,1149,8,5
random_encoder,11,1153,0,0
random_encoder,11,1159,2,2
random_encoder,11,1167,0,0
random_encoder,11,1168,1,1
random_encoder,11,1173,6,6
random_encoder,11,1179,2,3
random_encoder,11,1181,4,4
random_encoder,11,1186,9,9
random_encoder,11,1188,9,9
random_encoder,11,1200,7,7
random_encoder,11,1201,7,7
random_encoder,11,1203,5,9
random_encoder,11,1207,2,2
random_encoder,11,1208,2,3
random_encoder,11,1209,7,7
random_encoder,11,1212,0,0
random_encoder,11,1220,3,3
random_encoder,11,1222,6,6
random_encoder,11,1224,6,6
random_encoder,11,1231,5,9
random_encoder,11,1237,1,1
random_encoder,11,1239,6,6
random_encoder,11,1243,7,7
random_encoder,11,1250,1,1
random_encoder,11,1256,1,5
random_encoder,11,1258,0,0
random_encoder,11,1268,4,4
random_encoder,11,1272,2,2
random_encoder,11,1280,8,8
random_encoder,11,1291,4,4
random_encoder,11,1300,3,3
random_encoder,11,1306,9,9
random_encoder,11,1307,0,0
random_encoder,11,1312,5,5
random_encoder,11,1316,9,9
random_encoder,11,1321,6,6
random_encoder,11,1323,0,0
random_encoder,11,1339,7,7
random_encoder,11,1346,3,3
random_encoder,11,1355,4,4
random_encoder,11,1360,9,9
random_encoder,11,1364,2,2
random_encoder,11,1368,7,7
random_encoder,11,1373,7,7
random_encoder,11,1374,4,4
random_encoder,11,1379,9,9
random_encoder,11,1381,7,7
random_encoder,11,1383,8,8
random_encoder,11,1387,4,4
random_encoder,11,1392,9,9
random_encoder,11,1405,7,7
random_encoder,11,1406,9,8
random_encoder,11,1407,5,5
random_encoder,11,1414,8,8
random_encoder,11,1427,2,2
random_encoder,11,1431,6,6
random_encoder,11,1434,9,5
random_encoder,11,1442,7,7
random_encoder,11,1444,9,9
random_encoder,11,1447,5,5
random_encoder,11,1448,5,5
random_encoder,11,1457,1,3
random_encoder,11,1463,0,0
random_encoder,11,1473,6,6
random_encoder,11,1475,3,3
random_encoder,11,1476,7,7
random_encoder,11,1479,4,4
random_encoder,11,1484,9,9
random_encoder,11,1487,0,0
random_encoder,11,1490,2,2
random_encoder,11,1496,7,7
random_encoder,11,1498,3,3
random_encoder,11,1502,4,4
random_encoder,11,1503,6,6
random_encoder,11,1509,7,7
random_encoder,11,1513,3,3
random_encoder,11,1514,1,0
random_encoder,11,1519,6,6
random_encoder,11,1520,9,5
random_encoder,11,1528,2,2
random_encoder,11,1529,8,9
random_encoder,11,1543,9,5
random_encoder,11,1544,8,9
random_encoder,11,1545,0,0
random_encoder,11,1556,1,5
random_encoder,11,1575,5,5
random_encoder,11,1579,0,0
random_encoder,11,1588,3,3
random_encoder,11,1613,1,1
random_encoder,11,1614,5,5
random_encoder,11,1616,9,9
random_encoder,11,1617,5,4
random_encoder,11,1628,4,8
random_encoder,11,1632,3,8
random_encoder,11,1633,9,9
random_encoder,11,1639,3,3
random_encoder,11,1644,3,3
random_encoder,11,1645,6,6
random_encoder,11,1651,4,4
random_encoder,11,1652,4,4
random_encoder,11,1653,7,7
random_encoder,11,1656,5,5
random_encoder,11,1664,8,8
random_encoder,11,1665,9,5
random_encoder,11,1667,0,0
random_encoder,11,1670,3,0
random_encoder,11,1671,4,4
random_encoder,11,1673,6,6
random_encoder,11,1674,7,7
random_encoder,11,1681,4,4
random_encoder,11,1689,2,2
random_encoder,11,1690,3,3
random_encoder,11,1695,8,8
random_encoder,11,1701,6,6
random_encoder,11,1708,4,4
random_encoder,11,1711,7,7
random_encoder,11,1712,3,1
random_encoder,11,1718,2,2
random_encoder,11,1719,7,7
random_encoder,11,1723,1,1
random_encoder,11,1726,3,3
random_encoder,11,1732,6,6
random_encoder,11,1744,2,2
random_encoder,11,1754,4,4
random_encoder,11,1755,6,6
random_encoder,11,1765,3,0
random_encoder,11,1783,2,2
random_encoder,11,1784,5,9
random_encoder,11,1792,9,9
agreement_only,11,11,1,1
agreement_only,11,19,9,4
agreement_only,11,24,4,1
agreement_only,11,27,7,7
agreement_only,11,36,0,0
agreement_only,11,60,3,3
agreement_only,11,75,2,5
agreement_only,11,77,2,0
agreement_only,11,79,0,0
agreement_only,11,84,2,2
agreement_only,11,91,3,3
agreement_only,11,92,9,0
agreement_only,11,107,1,1
agreement_only,11,113,2,3
agreement_only,11,114,8,8
agreement_only,11,117,5,5
agreement_only,11,127,8,4
agreement_only,11,135,5,7
agreement_only,11,138,8,8
agreement_only,11,139,9,9
agreement_only,11,144,4,4
agreement_only,11,149,9,1
agreement_only,11,150,0,4
agreement_only,11,155,5,5
agreement_only,11,166,0,0
agreement_only,11,168,8,8
agreement_only,11,179,0,0
agreement_only,11,187,2,2
agreement_only,11,189,3,3
agreement_only,11,205,2,9
agreement_only,11,217,3,8
agreement_only,11,219,3,3
agreement_only,11,222,7,7
agreement_only,11,223,6,6
agreement_only,11,224,8,8
agreement_only,11,226,3,3
agreement_only,11,228,4,4
agreement_only,11,231,3,3
agreement_only,11,240,7,7
agreement_only,11,244,2,2
agreement_only,11,249,8,1
agreement_only,11,252,0,0
agreement_only,11,261,5,9
agreement_only,11,262,6,6
agreement_only,11,271,5,6
agreement_only,11,272,6,6
agreement_only,11,276,0,0
agreement_only,11,277,1,1
agreement_only,11,280,4,6
agreement_only,11,287,9,9
agreement_only,11,291,5,9
agreement_only,11,295,9,8
agreement_only,11,319,3,3
agreement_only,11,323,6,6
agreement_only,11,334,0,0
agreement_only,11,338,6,6
agreement_only,11,339,3,3
agreement_only,11,349,1,1
agreement_only,11,351,6,5
agreement_only,11,353,4,4
agreement_only,11,356,4,4
agreement_only,11,358,5,5
agreement_only,11,360,6,6
agreement_only,11,363,1,5
agreement_only,11,371,2,2
agreement_only,11,381,9,1
agreement_only,11,394,8,8
agreement_only,11,397,1,1
agreement_only,11,399,3,9
agreement_only,11,406,0,0
agreement_only,11,407,1,1
agreement_only,11,408,2,2
agreement_only,11,414,8,8
agreement_only,11,419,5,6
agreement_only,11,422,0,0
agreement_only,11,424,8,0
agreement_only,11,425,9,1
agreement_only,11,428,1,1
agreement_only,11,429,7,3
agreement_only,11,435,0,0
agreement_only,11,441,0,0
agreement_only,11,452,6,6
agreement_only,11,454,4,4
agreement_only,11,457,5,5
agreement_only,11,471,1,1
agreement_only,11,478,9,2
agreement_only,11,479,1,1
agreement_only,11,484,3,2
agreement_only,11,487,0,9
agreement_only,11,489,3,2
agreement_only,11,490,6,6
agreement_only,11,498,7,6
agreement_only,11,499,2,2
agreement_only,11,500,8,8
agreement_only,11,502,2,8
agreement_only,11,503,5,5
agreement_only,11,505,9,2
agreement_only,11,508,8,9
agreement_only,11,510,4,4
agreement_only,11,513,8,0
agreement_only,11,520,4,8
agreement_only,11,539,3,2
agreement_only,11,541,5,0
agreement_only,11,543,7,3
agreement_only,11,558,1,3
agreement_only,11,559,7,7
agreement_only,11,568,7,7
agreement_only,11,569,8,8
agreement_only,11,577,7,7
agreement_only,11,578,3,2
agreement_only,11,583,6,2
agreement_only,11,586,1,6
agreement_only,11,588,0,0
agreement_only,11,591,2,2
agreement_only,11,594,0,0
agreement_only,11,607,3,2
agreement_only,11,613,4,5
agreement_only,11,616,4,8
agreement_only,11,625,5,5
agreement_only,11,628,7,5
agreement_only,11,629,2,2
agreement_only,11,635,9,9
agreement_only,11,639,8,4
agreement_only,11,642,0,0
agreement_only,11,652,6,6
agreement_only,11,659,3,2
agreement_only,11,673,7,4
agreement_only,11,682,0,0
agreement_only,11,694,0,0
agreement_only,11,697,2,9
agreement_only,11,700,2,8
agreement_only,11,703,2,9
agreement_only,11,705,3,1
agreement_only,11,719,9,1
agreement_only,11,722,8,8
agreement_only,11,723,2,1
agreement_only,11,727,7,7
agreement_only,11,730,2,8
agreement_only,11,738,9,7
agreement_only,11,741,6,6
agreement_only,11,742,8,4
agreement_only,11,747,0,5
agreement_only,11,749,3,1
agreement_only,11,756,4,5
agreement_only,11,758,7,7
agreement_only,11,759,2,8
agreement_only,11,763,5,7
agreement_only,11,764,7,7
agreement_only,11,766,5,7
agreement_only,11,767,4,5
agreement_only,11,769,8,5
agreement_only,11,773,8,8
agreement_only,11,775,8,8
agreement_only,11,785,9,9
agreement_only,11,787,1,1
agreement_only,11,789,3,3
agreement_only,11,797,1,2
agreement_only,11,802,6,1
agreement_only,11,803,7,5
agreement_only,11,805,9,1
agreement_only,11,811,5,5
agreement_only,11,814,8,8
agreement_only,11,823,1,8
agreement_only,11,826,2,8
agreement_only,11,831,0,0
agreement_only,11,841,6,6
agreement_only,11,844,4,4
agreement_only,11,850,5,2
agreement_only,11,856,1,5
agreement_only,11,859,3,3
agreement_only,11,864,6,7
agreement_only,11,869,1,1
agreement_only,11,874,3,3
agreement_only,11,882,6,2
agreement_only,11,883,1,1
agreement_only,11,885,5,7
agreement_only,11,890,8,1
agreement_only,11,896,5,7
agreement_only,11,898,8,8
agreement_only,11,900,4,4
agreement_only,11,906,1,3
agreement_only,11,908,3,9
agreement_only,11,911,6,2
agreement_only,11,912,7,8
agreement_only,11,919,4,0
agreement_only,11,924,9,9
agreement_only,11,936,9,9
agreement_only,11,941,0,0
agreement_only,11,945,8,8
agreement_only,11,947,1,1
agreement_only,11,957,0,0
agreement_only,11,970,4,4
agreement_only,11,976,5,9
agreement_only,11,982,1,1
agreement_only,11,991,1,1
agreement_only,11,995,7,7
agreement_only,11,1002,0,0
agreement_only,11,1003,5,9
agreement_only,11,1005,6,6
agreement_only,11,1010,5,0
agreement_only,11,1021,5,5
agreement_only,11,1023,4,4
agreement_only,11,1028,8,7
agreement_only,11,1029,0,4
agreement_only,11,1030,1,1
agreement_only,11,1035,6,6
agreement_only,11,1038,9,9
agreement_only,11,1057,8,7
agreement_only,11,1067,8,7
agreement_only,11,1070,4,4
agreement_only,11,1075,5,5
agreement_only,11,1076,1,1
agreement_only,11,1078,0,0
agreement_only,11,1083,1,5
agreement_only,11,1093,6,6
agreement_only,11,1094,6,5
agreement_only,11,1095,4,7
agreement_only,11,1097,1,1
agreement_only,11,1098,5,5
agreement_only,11,1107,1,5
agreement_only,11,1119,9,5
agreement_only,11,1121,7,4
agreement_only,11,1123,8,2
agreement_only,11,1129,5,6
agreement_only,11,1133,6,0
agreement_only,11,1136,5,4
agreement_only,11,1138,4,4
agreement_only,11,1139,7,4
agreement_only,11,1142,2,3
agreement_only,11,1143,2,2
agreement_only,11,1149,8,7
agreement_only,11,1153,0,0
agreement_only,11,1159,2,2
agreement_only,11,1167,0,0
agreement_only,11,1168,1,1
agreement_only,11,1173,6,6
agreement_only,11,1179,2,3
agreement_only,11,1181,4,8
agreement_only,11,1186,9,7
agreement_only,11,1188,9,9
agreement_only,11,1200,7,2
agreement_only,11,1201,7,7
agreement_only,11,1203,5,5
agreement_only,11,1207,2,7
agreement_only,11,1208,2,5
agreement_only,11,1209,7,7
agreement_only,11,1212,0,0
agreement_only,11,1220,3,3
agreement_only,11,1222,6,6
agreement_only,11,1224,6,6
agreement_only,11,1231,5,5
agreement_only,11,1237,1,2
agreement_only,11,1239,6,6
agreement_only,11,1243,7,5
agreement_only,11,1250,1,1
agreement_only,11,1256,1,8
agreement_only,11,1258,0,1
agreement_only,11,1268,4,4
agreement_only,11,1272,2,2
agreement_only,11,1280,8,8
agreement_only,11,1291,4,7
agreement_only,11,1300,3,3
agreement_only,11,1306,9,3
agreement_only,11,1307,0,0
agreement_only,11,1312,5,1
agreement_only,11,1316,9,3
agreement_only,11,1321,6,6
agreement_only,11,1323,0,0
agreement_only,11,1339,7,7
agreement_only,11,1346,3,3
agreement_only,11,1355,4,9
agreement_only,11,1360,9,5
agreement_only,11,1364,2,9
agreement_only,11,1368,7,7
agreement_only,11,1373,7,5
agreement_only,11,1374,4,4
agreement_only,11,1379,9,2
agreement_only,11,1381,7,7
agreement_only,11,1383,8,8
agreement_only,11,1387,4,4
agreement_only,11,1392,9,2
agreement_only,11,1405,7,7
agreement_only,11,1406,9,9
agreement_only,11,1407,5,7
agreement_only,11,1414,8,8
agreement_only,11,1427,2,2
agreement_only,11,1431,6,7
agreement_only,11,1434,9,4
agreement_only,11,1442,7,3
agreement_only,11,1444,9,9
agreement_only,11,1447,5,5
agreement_only,11,1448,5,5
agreement_only,11,1457,1,1
agreement_only,11,1463,0,0
agreement_only,11,1473,6,9
agreement_only,11,1475,3,3
agreement_only,11,1476,7,7
agreement_only,11,1479,4,8
agreement_only,11,1484,9,9
agreement_only,11,1487,0,0
agreement_only,11,1490,2,2
agreement_only,11,1496,7,8
agreement_only,11,1498,3,3
agreement_only,11,1502,4,4
agreement_only,11,1503,6,6
agreement_only,11,1509,7,7
agreement_only,11,1513,3,4
agreement_only,11,1514,1,7
agreement_only,11,1519,6,6
agreement_only,11,1520,9,0
agreement_only,11,1528,2,2
agreement_only,11,1529,8,6
agreement_only,11,1543,9,0
agreement_only,11,1544,8,9
agreement_only,11,1545,0,0
agreement_only,11,1556,1,4
agreement_only,11,1575,5,5
agreement_only,11,1579,0,0
agreement_only,11,1588,3,3
agreement_only,11,1613,1,1
agreement_only,11,1614,5,5
agreement_only,11,1616,9,4
agreement_only,11,1617,5,1
agreement_only,11,1628,4,8
agreement_only,11,1632,3,2
agreement_only,11,1633,9,2
agreement_only,11,1639,3,3
agreement_only,11,1644,3,3
agreement_only,11,1645,6,1
agreement_only,11,1651,4,0
agreement_only,11,1652,4,6
agreement_only,11,1653,7,8
agreement_only,11,1656,5,1
agreement_only,11,1664,8,4
agreement_only,11,1665,9,2
agreement_only,11,1667,0,0
agreement_only,11,1670,3,1
agreement_only,11,1671,4,3
agreement_only,11,1673,6,6
agreement_only,11,1674,7,7
agreement_only,11,1681,4,4
agreement_only,11,1689,2,8
agreement_only,11,1690,3,5
agreement_only,11,1695,8,8
agreement_only,11,1701,6,6
agreement_only,11,1708,4,4
agreement_only,11,1711,7,7
agreement_only,11,1712,3,3
agreement_only,11,1718,2,2
agreement_only,11,1719,7,5
agreement_only,11,1723,1,5
agreement_only,11,1726,3,0
agreement_only,11,1732,6,6
agreement_only,11,1744,2,5
agreement_only,11,1754,4,7
agreement_only,11,1755,6,8
agreement_only,11,1765,3,5
agreement_only,11,1783,2,3
agreement_only,11,1784,5,1
agreement_only,11,1792,9,9
agreement_sigreg,11,11,1,1
agreement_sigreg,11,19,9,3
agreement_sigreg,11,24,4,4
agreement_sigreg,11,27,7,7
agreement_sigreg,11,36,0,0
agreement_sigreg,11,60,3,3
agreement_sigreg,11,75,2,2
agreement_sigreg,11,77,2,1
agreement_sigreg,11,79,0,0
agreement_sigreg,11,84,2,2
agreement_sigreg,11,91,3,3
agreement_sigreg,11,92,9,3
agreement_sigreg,11,107,1,1
agreement_sigreg,11,113,2,2
agreement_sigreg,11,114,8,8
agreement_sigreg,11,117,5,5
agreement_sigreg,11,127,8,8
agreement_sigreg,11,135,5,5
agreement_sigreg,11,138,8,8
agreement_sigreg,11,139,9,9
agreement_sigreg,11,144,4,4
agreement_sigreg,11,149,9,9
agreement_sigreg,11,150,0,0
agreement_sigreg,11,155,5,5
agreement_sigreg,11,166,0,0
agreement_sigreg,11,168,8,8
agreement_sigreg,11,179,0,0
agreement_sigreg,11,187,2,2
agreement_sigreg,11,189,3,3
agreement_sigreg,11,205,2,2
agreement_sigreg,11,217,3,3
agreement_sigreg,11,219,3,3
agreement_sigreg,11,222,7,7
agreement_sigreg,11,223,6,6
agreement_sigreg,11,224,8,8
agreement_sigreg,11,226,3,3
agreement_sigreg,11,228,4,4
agreement_sigreg,11,231,3,7
agreement_sigreg,11,240,7,7
agreement_sigreg,11,244,2,2
agreement_sigreg,11,249,8,3
agreement_sigreg,11,252,0,0
agreement_sigreg,11,261,5,5
agreement_sigreg,11,262,6,6
agreement_sigreg,11,271,5,5
agreement_sigreg,11,272,6,6
agreement_sigreg,11,276,0,0
agreement_sigreg,11,277,1,1
agreement_sigreg,11,280,4,4
agreement_sigreg,11,287,9,9
agreement_sigreg,11,291,5,5
agreement_sigreg,11,295,9,9
agreement_sigreg,11,319,3,3
agreement_sigreg,11,323,6,6
agreement_sigreg,11,334,0,0
agreement_sigreg,11,338,6,6
agreement_sigreg,11,339,3,3
agreement_sigreg,11,349,1,1
agreement_sigreg,11,351,6,6
agreement_sigreg,11,353,4,4
agreement_sigreg,11,356,4,4
agreement_sigreg,11,358,5,5
agreement_sigreg,11,360,6,6
agreement_sigreg,11,363,1,6
agreement_sigreg,11,371,2,2
agreement_sigreg,11,381,9,9
agreement_sigreg,11,394,8,9
agreement_sigreg,11,397,1,1
agreement_sigreg,11,399,3,3
agreement_sigreg,11,406,0,0
agreement_sigreg,11,407,1,1
agreement_sigreg,11,408,2,2
agreement_sigreg,11,414,8,0
agreement_sigreg,11,419,5,5
agreement_sigreg,11,422,0,0
agreement_sigreg,11,424,8,8
agreement_sigreg,11,425,9,9
agreement_sigreg,11,428,1,1
agreement_sigreg,11,429,7,7
agreement_sigreg,11,435,0,0
agreement_sigreg,11,441,0,0
agreement_sigreg,11,452,6,6
agreement_sigreg,11,454,4,4
agreement_sigreg,11,457,5,5
agreement_sigreg,11,471,1,1
agreement_sigreg,11,478,9,9
agreement_sigreg,11,479,1,1
agreement_sigreg,11,484,3,3
agreement_sigreg,11,487,0,0
agreement_sigreg,11,489,3,9
agreement_sigreg,11,490,6,6
agreement_sigreg,11,498,7,5
agreement_sigreg,11,499,2,2
agreement_sigreg,11,500,8,8
agreement_sigreg,11,502,2,8
agreement_sigreg,11,503,5,5
agreement_sigreg,11,505,9,9
agreement_sigreg,11,508,8,8
agreement_sigreg,11,510,4,4
agreement_sigreg,11,513,8,9
agreement_sigreg,11,520,4,4
agreement_sigreg,11,539,3,8
agreement_sigreg,11,541,5,5
agreement_sigreg,11,543,7,7
agreement_sigreg,11,558,1,1
agreement_sigreg,11,559,7,7
agreement_sigreg,11,568,7,7
agreement_sigreg,11,569,8,8
agreement_sigreg,11,577,7,7
agreement_sigreg,11,578,3,2
agreement_sigreg,11,583,6,6
agreement_sigreg,11,586,1,1
agreement_sigreg,11,588,0,0
agreement_sigreg,11,591,2,2
agreement_sigreg,11,594,0,0
agreement_sigreg,11,607,3,8
agreement_sigreg,11,613,4,4
agreement_sigreg,11,616,4,4
agreement_sigreg,11,625,5,5
agreement_sigreg,11,628,7,7
agreement_sigreg,11,629,2,2
agreement_sigreg,11,635,9,9
agreement_sigreg,11,639,8,1
agreement_sigreg,11,642,0,0
agreement_sigreg,11,652,6,6
agreement_sigreg,11,659,3,9
agreement_sigreg,11,673,7,7
agreement_sigreg,11,682,0,0
agreement_sigreg,11,694,0,0
agreement_sigreg,11,697,2,2
agreement_sigreg,11,700,2,2
agreement_sigreg,11,703,2,2
agreement_sigreg,11,705,3,3
agreement_sigreg,11,719,9,8
agreement_sigreg,11,722,8,8
agreement_sigreg,11,723,2,8
agreement_sigreg,11,727,7,7
agreement_sigreg,11,730,2,2
agreement_sigreg,11,738,9,9
agreement_sigreg,11,741,6,6
agreement_sigreg,11,742,8,8
agreement_sigreg,11,747,0,0
agreement_sigreg,11,749,3,3
agreement_sigreg,11,756,4,4
agreement_sigreg,11,758,7,7
agreement_sigreg,11,759,2,2
agreement_sigreg,11,763,5,5
agreement_sigreg,11,764,7,7
agreement_sigreg,11,766,5,5
agreement_sigreg,11,767,4,4
agreement_sigreg,11,769,8,8
agreement_sigreg,11,773,8,8
agreement_sigreg,11,775,8,8
agreement_sigreg,11,785,9,9
agreement_sigreg,11,787,1,1
agreement_sigreg,11,789,3,3
agreement_sigreg,11,797,1,1
agreement_sigreg,11,802,6,6
agreement_sigreg,11,803,7,7
agreement_sigreg,11,805,9,8
agreement_sigreg,11,811,5,5
agreement_sigreg,11,814,8,9
agreement_sigreg,11,823,1,1
agreement_sigreg,11,826,2,2
agreement_sigreg,11,831,0,0
agreement_sigreg,11,841,6,6
agreement_sigreg,11,844,4,4
agreement_sigreg,11,850,5,5
agreement_sigreg,11,856,1,1
agreement_sigreg,11,859,3,3
agreement_sigreg,11,864,6,6
agreement_sigreg,11,869,1,1
agreement_sigreg,11,874,3,3
agreement_sigreg,11,882,6,6
agreement_sigreg,11,883,1,1
agreement_sigreg,11,885,5,5
agreement_sigreg,11,890,8,1
agreement_sigreg,11,896,5,5
agreement_sigreg,11,898,8,8
agreement_sigreg,11,900,4,4
agreement_sigreg,11,906,1,1
agreement_sigreg,11,908,3,3
agreement_sigreg,11,911,6,6
agreement_sigreg,11,912,7,7
agreement_sigreg,11,919,4,4
agreement_sigreg,11,924,9,9
agreement_sigreg,11,936,9,9
agreement_sigreg,11,941,0,0
agreement_sigreg,11,945,8,8
agreement_sigreg,11,947,1,1
agreement_sigreg,11,957,0,0
agreement_sigreg,11,970,4,4
agreement_sigreg,11,976,5,5
agreement_sigreg,11,982,1,1
agreement_sigreg,11,991,1,1
agreement_sigreg,11,995,7,7
agreement_sigreg,11,1002,0,0
agreement_sigreg,11,1003,5,5
agreement_sigreg,11,1005,6,6
agreement_sigreg,11,1010,5,5
agreement_sigreg,11,1021,5,5
agreement_sigreg,11,1023,4,4
agreement_sigreg,11,1028,8,8
agreement_sigreg,11,1029,0,0
agreement_sigreg,11,1030,1,1
agreement_sigreg,11,1035,6,6
agreement_sigreg,11,1038,9,9
agreement_sigreg,11,1057,8,8
agreement_sigreg,11,1067,8,8
agreement_sigreg,11,1070,4,4
agreement_sigreg,11,1075,5,5
agreement_sigreg,11,1076,1,1
agreement_sigreg,11,1078,0,0
agreement_sigreg,11,1083,1,4
agreement_sigreg,11,1093,6,6
agreement_sigreg,11,1094,6,6
agreement_sigreg,11,1095,4,4
agreement_sigreg,11,1097,1,1
agreement_sigreg,11,1098,5,5
agreement_sigreg,11,1107,1,1
agreement_sigreg,11,1119,9,8
agreement_sigreg,11,1121,7,7
agreement_sigreg,11,1123,8,8
agreement_sigreg,11,1129,5,5
agreement_sigreg,11,1133,6,6
agreement_sigreg,11,1136,5,5
agreement_sigreg,11,1138,4,4
agreement_sigreg,11,1139,7,7
agreement_sigreg,11,1142,2,2
agreement_sigreg,11,1143,2,2
agreement_sigreg,11,1149,8,1
agreement_sigreg,11,1153,0,0
agreement_sigreg,11,1159,2,2
agreement_sigreg,11,1167,0,0
agreement_sigreg,11,1168,1,1
agreement_sigreg,11,1173,6,6
agreement_sigreg,11,1179,2,2
agreement_sigreg,11,1181,4,4
agreement_sigreg,11,1186,9,9
agreement_sigreg,11,1188,9,9
agreement_sigreg,11,1200,7,7
agreement_sigreg,11,1201,7,7
agreement_sigreg,11,1203,5,5
agreement_sigreg,11,1207,2,2
agreement_sigreg,11,1208,2,2
agreement_sigreg,11,1209,7,7
agreement_sigreg,11,1212,0,0
agreement_sigreg,11,1220,3,3
agreement_sigreg,11,1222,6,6
agreement_sigreg,11,1224,6,6
agreement_sigreg,11,1231,5,5
agreement_sigreg,11,1237,1,1
agreement_sigreg,11,1239,6,6
agreement_sigreg,11,1243,7,7
agreement_sigreg,11,1250,1,1
agreement_sigreg,11,1256,1,6
agreement_sigreg,11,1258,0,0
agreement_sigreg,11,1268,4,4
agreement_sigreg,11,1272,2,2
agreement_sigreg,11,1280,8,8
agreement_sigreg,11,1291,4,4
agreement_sigreg,11,1300,3,3
agreement_sigreg,11,1306,9,9
agreement_sigreg,11,1307,0,0
agreement_sigreg,11,1312,5,5
agreement_sigreg,11,1316,9,9
agreement_sigreg,11,1321,6,6
agreement_sigreg,11,1323,0,0
agreement_sigreg,11,1339,7,7
agreement_sigreg,11,1346,3,3
agreement_sigreg,11,1355,4,4
agreement_sigreg,11,1360,9,9
agreement_sigreg,11,1364,2,2
agreement_sigreg,11,1368,7,7
agreement_sigreg,11,1373,7,7
agreement_sigreg,11,1374,4,4
agreement_sigreg,11,1379,9,9
agreement_sigreg,11,1381,7,7
agreement_sigreg,11,1383,8,8
agreement_sigreg,11,1387,4,4
agreement_sigreg,11,1392,9,9
agreement_sigreg,11,1405,7,7
agreement_sigreg,11,1406,9,9
agreement_sigreg,11,1407,5,5
agreement_sigreg,11,1414,8,8
agreement_sigreg,11,1427,2,2
agreement_sigreg,11,1431,6,6
agreement_sigreg,11,1434,9,9
agreement_sigreg,11,1442,7,7
agreement_sigreg,11,1444,9,9
agreement_sigreg,11,1447,5,5
agreement_sigreg,11,1448,5,5
agreement_sigreg,11,1457,1,9
agreement_sigreg,11,1463,0,0
agreement_sigreg,11,1473,6,6
agreement_sigreg,11,1475,3,3
agreement_sigreg,11,1476,7,7
agreement_sigreg,11,1479,4,4
agreement_sigreg,11,1484,9,9
agreement_sigreg,11,1487,0,0
agreement_sigreg,11,1490,2,2
agreement_sigreg,11,1496,7,7
agreement_sigreg,11,1498,3,3
agreement_sigreg,11,1502,4,4
agreement_sigreg,11,1503,6,6
agreement_sigreg,11,1509,7,7
agreement_sigreg,11,1513,3,3
agreement_sigreg,11,1514,1,9
agreement_sigreg,11,1519,6,6
agreement_sigreg,11,1520,9,9
agreement_sigreg,11,1528,2,2
agreement_sigreg,11,1529,8,5
agreement_sigreg,11,1543,9,9
agreement_sigreg,11,1544,8,8
agreement_sigreg,11,1545,0,0
agreement_sigreg,11,1556,1,1
agreement_sigreg,11,1575,5,5
agreement_sigreg,11,1579,0,0
agreement_sigreg,11,1588,3,3
agreement_sigreg,11,1613,1,1
agreement_sigreg,11,1614,5,5
agreement_sigreg,11,1616,9,3
agreement_sigreg,11,1617,5,1
agreement_sigreg,11,1628,4,8
agreement_sigreg,11,1632,3,3
agreement_sigreg,11,1633,9,9
agreement_sigreg,11,1639,3,3
agreement_sigreg,11,1644,3,3
agreement_sigreg,11,1645,6,6
agreement_sigreg,11,1651,4,4
agreement_sigreg,11,1652,4,4
agreement_sigreg,11,1653,7,7
agreement_sigreg,11,1656,5,5
agreement_sigreg,11,1664,8,8
agreement_sigreg,11,1665,9,5
agreement_sigreg,11,1667,0,0
agreement_sigreg,11,1670,3,9
agreement_sigreg,11,1671,4,4
agreement_sigreg,11,1673,6,6
agreement_sigreg,11,1674,7,7
agreement_sigreg,11,1681,4,4
agreement_sigreg,11,1689,2,2
agreement_sigreg,11,1690,3,8
agreement_sigreg,11,1695,8,8
agreement_sigreg,11,1701,6,6
agreement_sigreg,11,1708,4,4
agreement_sigreg,11,1711,7,7
agreement_sigreg,11,1712,3,7
agreement_sigreg,11,1718,2,2
agreement_sigreg,11,1719,7,7
agreement_sigreg,11,1723,1,1
agreement_sigreg,11,1726,3,3
agreement_sigreg,11,1732,6,6
agreement_sigreg,11,1744,2,2
agreement_sigreg,11,1754,4,4
agreement_sigreg,11,1755,6,6
agreement_sigreg,11,1765,3,8
agreement_sigreg,11,1783,2,2
agreement_sigreg,11,1784,5,5
agreement_sigreg,11,1792,9,9
random_encoder,23,11,1,1
random_encoder,23,19,9,2
random_encoder,23,24,4,4
random_encoder,23,27,7,2
random_encoder,23,36,0,0
random_encoder,23,60,3,3
random_encoder,23,75,2,2
random_encoder,23,77,2,2
random_encoder,23,79,0,0
random_encoder,23,84,2,2
random_encoder,23,91,3,3
random_encoder,23,92,9,9
random_encoder,23,107,1,3
random_encoder,23,113,2,1
random_encoder,23,114,8,8
random_encoder,23,117,5,5
random_encoder,23,127,8,8
random_encoder,23,135,5,5
random_encoder,23,138,8,8
random_encoder,23,139,9,9
random_encoder,23,144,4,4
random_encoder,23,149,9,9
random_encoder,23,150,0,0
random_encoder,23,155,5,5
random_encoder,23,166,0,0
random_encoder,23,168,8,8
random_encoder,23,179,0,0
random_encoder,23,187,2,1
random_encoder,23,189,3,3
random_encoder,23,205,2,7
random_encoder,23,217,3,3
random_encoder,23,219,3,3
random_encoder,23,222,7,7
random_encoder,23,223,6,6
random_encoder,23,224,8,8
random_encoder,23,226,3,3
random_encoder,23,228,4,4
random_encoder,23,231,3,3
random_encoder,23,240,7,7
random_encoder,23,244,2,1
random_encoder,23,249,8,8
random_encoder,23,252,0,0
random_encoder,23,261,5,3
random_encoder,23,262,6,6
random_encoder,23,271,5,5
random_encoder,23,272,6,6
random_encoder,23,276,0,0
random_encoder,23,277,1,1
random_encoder,23,280,4,4
random_encoder,23,287,9,9
random_encoder,23,291,5,5
random_encoder,23,295,9,3
random_encoder,23,319,3,3
random_encoder,23,323,6,6
random_encoder,23,334,0,0
random_encoder,23,338,6,6
random_encoder,23,339,3,3
random_encoder,23,349,1,1
random_encoder,23,351,6,6
random_encoder,23,353,4,4
random_encoder,23,356,4,4
random_encoder,23,358,5,9
random_encoder,23,360,6,6
random_encoder,23,363,1,6
random_encoder,23,371,2,2
random_encoder,23,381,9,9
random_encoder,23,394,8,8
random_encoder,23,397,1,1
random_encoder,23,399,3,1
random_encoder,23,406,0,0
random_encoder,23,407,1,1
random_encoder,23,408,2,2
random_encoder,23,414,8,8
random_encoder,23,419,5,5
random_encoder,23,422,0,0
random_encoder,23,424,8,8
random_encoder,23,425,9,9
random_encoder,23,428,1,1
random_encoder,23,429,7,7
random_encoder,23,435,0,0
random_encoder,23,441,0,0
random_encoder,23,452,6,6
random_encoder,23,454,4,4
random_encoder,23,457,5,0
random_encoder,23,471,1,1
random_encoder,23,478,9,9
random_encoder,23,479,1,1
random_encoder,23,484,3,1
random_encoder,23,487,0,0
random_encoder,23,489,3,3
random_encoder,23,490,6,6
random_encoder,23,498,7,7
random_encoder,23,499,2,2
random_encoder,23,500,8,7
random_encoder,23,502,2,2
random_encoder,23,503,5,5
random_encoder,23,505,9,9
random_encoder,23,508,8,8
random_encoder,23,510,4,1
random_encoder,23,513,8,8
random_encoder,23,520,4,4
random_encoder,23,539,3,9
random_encoder,23,541,5,5
random_encoder,23,543,7,2
random_encoder,23,558,1,1
random_encoder,23,559,7,7
random_encoder,23,568,7,7
random_encoder,23,569,8,7
random_encoder,23,577,7,7
random_encoder,23,578,3,3
random_encoder,23,583,6,6
random_encoder,23,586,1,4
random_encoder,23,588,0,0
random_encoder,23,591,2,2
random_encoder,23,594,0,0
random_encoder,23,607,3,9
random_encoder,23,613,4,4
random_encoder,23,616,4,4
random_encoder,23,625,5,5
random_encoder,23,628,7,7
random_encoder,23,629,2,2
random_encoder,23,635,9,9
random_encoder,23,639,8,8
random_encoder,23,642,0,0
random_encoder,23,652,6,6
random_encoder,23,659,3,3
random_encoder,23,673,7,7
random_encoder,23,682,0,0
random_encoder,23,694,0,0
random_encoder,23,697,2,3
random_encoder,23,700,2,8
random_encoder,23,703,2,9
random_encoder,23,705,3,3
random_encoder,23,719,9,9
random_encoder,23,722,8,8
random_encoder,23,723,2,8
random_encoder,23,727,7,7
random_encoder,23,730,2,2
random_encoder,23,738,9,0
random_encoder,23,741,6,6
random_encoder,23,742,8,8
random_encoder,23,747,0,0
random_encoder,23,749,3,3
random_encoder,23,756,4,9
random_encoder,23,758,7,7
random_encoder,23,759,2,8
random_encoder,23,763,5,5
random_encoder,23,764,7,7
random_encoder,23,766,5,5
random_encoder,23,767,4,4
random_encoder,23,769,8,7
random_encoder,23,773,8,8
random_encoder,23,775,8,8
random_encoder,23,785,9,9
random_encoder,23,787,1,1
random_encoder,23,789,3,3
random_encoder,23,797,1,1
random_encoder,23,802,6,6
random_encoder,23,803,7,2
random_encoder,23,805,9,1
random_encoder,23,811,5,5
random_encoder,23,814,8,1
random_encoder,23,823,1,1
random_encoder,23,826,2,2
random_encoder,23,831,0,0
random_encoder,23,841,6,6
random_encoder,23,844,4,4
random_encoder,23,850,5,5
random_encoder,23,856,1,1
random_encoder,23,859,3,3
random_encoder,23,864,6,6
random_encoder,23,869,1,1
random_encoder,23,874,3,3
random_encoder,23,882,6,6
random_encoder,23,883,1,7
random_encoder,23,885,5,5
random_encoder,23,890,8,8
random_encoder,23,896,5,5
random_encoder,23,898,8,8
random_encoder,23,900,4,4
random_encoder,23,906,1,1
random_encoder,23,908,3,3
random_encoder,23,911,6,6
random_encoder,23,912,7,7
random_encoder,23,919,4,4
random_encoder,23,924,9,9
random_encoder,23,936,9,9
random_encoder,23,941,0,0
random_encoder,23,945,8,8
random_encoder,23,947,1,1
random_encoder,23,957,0,0
random_encoder,23,970,4,4
random_encoder,23,976,5,5
random_encoder,23,982,1,1
random_encoder,23,991,1,1
random_encoder,23,995,7,7
random_encoder,23,1002,0,0
random_encoder,23,1003,5,5
random_encoder,23,1005,6,6
random_encoder,23,1010,5,5
random_encoder,23,1021,5,5
random_encoder,23,1023,4,4
random_encoder,23,1028,8,8
random_encoder,23,1029,0,0
random_encoder,23,1030,1,1
random_encoder,23,1035,6,6
random_encoder,23,1038,9,9
random_encoder,23,1057,8,8
random_encoder,23,1067,8,2
random_encoder,23,1070,4,4
random_encoder,23,1075,5,5
random_encoder,23,1076,1,1
random_encoder,23,1078,0,2
random_encoder,23,1083,1,4
random_encoder,23,1093,6,6
random_encoder,23,1094,6,6
random_encoder,23,1095,4,7
random_encoder,23,1097,1,1
random_encoder,23,1098,5,5
random_encoder,23,1107,1,1
random_encoder,23,1119,9,6
random_encoder,23,1121,7,6
random_encoder,23,1123,8,8
random_encoder,23,1129,5,5
random_encoder,23,1133,6,6
random_encoder,23,1136,5,5
random_encoder,23,1138,4,4
random_encoder,23,1139,7,7
random_encoder,23,1142,2,7
random_encoder,23,1143,2,2
random_encoder,23,1149,8,4
random_encoder,23,1153,0,0
random_encoder,23,1159,2,2
random_encoder,23,1167,0,0
random_encoder,23,1168,1,1
random_encoder,23,1173,6,6
random_encoder,23,1179,2,2
random_encoder,23,1181,4,6
random_encoder,23,1186,9,5
random_encoder,23,1188,9,9
random_encoder,23,1200,7,2
random_encoder,23,1201,7,7
random_encoder,23,1203,5,6
random_encoder,23,1207,2,2
random_encoder,23,1208,2,2
random_encoder,23,1209,7,7
random_encoder,23,1212,0,0
random_encoder,23,1220,3,3
random_encoder,23,1222,6,6
random_encoder,23,1224,6,6
random_encoder,23,1231,5,5
random_encoder,23,1237,1,1
random_encoder,23,1239,6,6
random_encoder,23,1243,7,7
random_encoder,23,1250,1,1
random_encoder,23,1256,1,4
random_encoder,23,1258,0,0
random_encoder,23,1268,4,4
random_encoder,23,1272,2,2
random_encoder,23,1280,8,8
random_encoder,23,1291,4,4
random_encoder,23,1300,3,3
random_encoder,23,1306,9,9
random_encoder,23,1307,0,0
random_encoder,23,1312,5,5
random_encoder,23,1316,9,9
random_encoder,23,1321,6,6
random_encoder,23,1323,0,0
random_encoder,23,1339,7,7
random_encoder,23,1346,3,3
random_encoder,23,1355,4,4
random_encoder,23,1360,9,9
random_encoder,23,1364,2,0
random_encoder,23,1368,7,2
random_encoder,23,1373,7,7
random_encoder,23,1374,4,4
random_encoder,23,1379,9,3
random_encoder,23,1381,7,7
random_encoder,23,1383,8,8
random_encoder,23,1387,4,4
random_encoder,23,1392,9,9
random_encoder,23,1405,7,7
random_encoder,23,1406,9,3
random_encoder,23,1407,5,3
random_encoder,23,1414,8,8
random_encoder,23,1427,2,2
random_encoder,23,1431,6,6
random_encoder,23,1434,9,3
random_encoder,23,1442,7,7
random_encoder,23,1444,9,9
random_encoder,23,1447,5,5
random_encoder,23,1448,5,5
random_encoder,23,1457,1,0
random_encoder,23,1463,0,0
random_encoder,23,1473,6,6
random_encoder,23,1475,3,3
random_encoder,23,1476,7,7
random_encoder,23,1479,4,4
random_encoder,23,1484,9,9
random_encoder,23,1487,0,0
random_encoder,23,1490,2,2
random_encoder,23,1496,7,7
random_encoder,23,1498,3,3
random_encoder,23,1502,4,4
random_encoder,23,1503,6,6
random_encoder,23,1509,7,7
random_encoder,23,1513,3,3
random_encoder,23,1514,1,0
random_encoder,23,1519,6,6
random_encoder,23,1520,9,3
random_encoder,23,1528,2,2
random_encoder,23,1529,8,5
random_encoder,23,1543,9,9
random_encoder,23,1544,8,8
random_encoder,23,1545,0,0
random_encoder,23,1556,1,1
random_encoder,23,1575,5,5
random_encoder,23,1579,0,0
random_encoder,23,1588,3,3
random_encoder,23,1613,1,1
random_encoder,23,1614,5,5
random_encoder,23,1616,9,9
random_encoder,23,1617,5,8
random_encoder,23,1628,4,7
random_encoder,23,1632,3,9
random_encoder,23,1633,9,8
random_encoder,23,1639,3,3
random_encoder,23,1644,3,3
random_encoder,23,1645,6,4
random_encoder,23,1651,4,4
random_encoder,23,1652,4,7
random_encoder,23,1653,7,7
random_encoder,23,1656,5,5
random_encoder,23,1664,8,8
random_encoder,23,1665,9,8
random_encoder,23,1667,0,0
random_encoder,23,1670,3,8
random_encoder,23,1671,4,4
random_encoder,23,1673,6,6
random_encoder,23,1674,7,7
random_encoder,23,1681,4,4
random_encoder,23,1689,2,2
random_encoder,23,1690,3,5
random_encoder,23,1695,8,8
random_encoder,23,1701,6,6
random_encoder,23,1708,4,4
random_encoder,23,1711,7,7
random_encoder,23,1712,3,8
random_encoder,23,1718,2,2
random_encoder,23,1719,7,7
random_encoder,23,1723,1,8
random_encoder,23,1726,3,8
random_encoder,23,1732,6,0
random_encoder,23,1744,2,2
random_encoder,23,1754,4,4
random_encoder,23,1755,6,6
random_encoder,23,1765,3,8
random_encoder,23,1783,2,2
random_encoder,23,1784,5,9
random_encoder,23,1792,9,9
agreement_only,23,11,1,3
agreement_only,23,19,9,7
agreement_only,23,24,4,6
agreement_only,23,27,7,7
agreement_only,23,36,0,0
agreement_only,23,60,3,3
agreement_only,23,75,2,2
agreement_only,23,77,2,2
agreement_only,23,79,0,0
agreement_only,23,84,2,4
agreement_only,23,91,3,3
agreement_only,23,92,9,1
agreement_only,23,107,1,3
agreement_only,23,113,2,2
agreement_only,23,114,8,9
agreement_only,23,117,5,5
agreement_only,23,127,8,8
agreement_only,23,135,5,5
agreement_only,23,138,8,2
agreement_only,23,139,9,5
agreement_only,23,144,4,4
agreement_only,23,149,9,1
agreement_only,23,150,0,0
agreement_only,23,155,5,8
agreement_only,23,166,0,0
agreement_only,23,168,8,1
agreement_only,23,179,0,0
agreement_only,23,187,2,4
agreement_only,23,189,3,2
agreement_only,23,205,2,2
agreement_only,23,217,3,6
agreement_only,23,219,3,3
agreement_only,23,222,7,7
agreement_only,23,223,6,6
agreement_only,23,224,8,8
agreement_only,23,226,3,2
agreement_only,23,228,4,1
agreement_only,23,231,3,9
agreement_only,23,240,7,7
agreement_only,23,244,2,4
agreement_only,23,249,8,8
agreement_only,23,252,0,0
agreement_only,23,261,5,1
agreement_only,23,262,6,5
agreement_only,23,271,5,8
agreement_only,23,272,6,6
agreement_only,23,276,0,0
agreement_only,23,277,1,8
agreement_only,23,280,4,5
agreement_only,23,287,9,2
agreement_only,23,291,5,3
agreement_only,23,295,9,0
agreement_only,23,319,3,3
agreement_only,23,323,6,6
agreement_only,23,334,0,0
agreement_only,23,338,6,6
agreement_only,23,339,3,3
agreement_only,23,349,1,1
agreement_only,23,351,6,6
agreement_only,23,353,4,4
agreement_only,23,356,4,5
agreement_only,23,358,5,1
agreement_only,23,360,6,6
agreement_only,23,363,1,5
agreement_only,23,371,2,5
agreement_only,23,381,9,5
agreement_only,23,394,8,8
agreement_only,23,397,1,1
agreement_only,23,399,3,4
agreement_only,23,406,0,0
agreement_only,23,407,1,1
agreement_only,23,408,2,0
agreement_only,23,414,8,8
agreement_only,23,419,5,5
agreement_only,23,422,0,0
agreement_only,23,424,8,7
agreement_only,23,425,9,2
agreement_only,23,428,1,1
agreement_only,23,429,7,7
agreement_only,23,435,0,0
agreement_only,23,441,0,0
agreement_only,23,452,6,6
agreement_only,23,454,4,1
agreement_only,23,457,5,1
agreement_only,23,471,1,1
agreement_only,23,478,9,7
agreement_only,23,479,1,4
agreement_only,23,484,3,3
agreement_only,23,487,0,4
agreement_only,23,489,3,8
agreement_only,23,490,6,6
agreement_only,23,498,7,7
agreement_only,23,499,2,2
agreement_only,23,500,8,6
agreement_only,23,502,2,3
agreement_only,23,503,5,5
agreement_only,23,505,9,0
agreement_only,23,508,8,9
agreement_only,23,510,4,1
agreement_only,23,513,8,7
agreement_only,23,520,4,7
agreement_only,23,539,3,0
agreement_only,23,541,5,5
agreement_only,23,543,7,7
agreement_only,23,558,1,0
agreement_only,23,559,7,7
agreement_only,23,568,7,7
agreement_only,23,569,8,6
agreement_only,23,577,7,7
agreement_only,23,578,3,0
agreement_only,23,583,6,6
agreement_only,23,586,1,5
agreement_only,23,588,0,3
agreement_only,23,591,2,2
agreement_only,23,594,0,9
agreement_only,23,607,3,0
agreement_only,23,613,4,7
agreement_only,23,616,4,1
agreement_only,23,625,5,0
agreement_only,23,628,7,1
agreement_only,23,629,2,2
agreement_only,23,635,9,3
agreement_only,23,639,8,2
agreement_only,23,642,0,0
agreement_only,23,652,6,6
agreement_only,23,659,3,6
agreement_only,23,673,7,4
agreement_only,23,682,0,0
agreement_only,23,694,0,0
agreement_only,23,697,2,8
agreement_only,23,700,2,8
agreement_only,23,703,2,8
agreement_only,23,705,3,3
agreement_only,23,719,9,3
agreement_only,23,722,8,3
agreement_only,23,723,2,4
agreement_only,23,727,7,7
agreement_only,23,730,2,5
agreement_only,23,738,9,6
agreement_only,23,741,6,6
agreement_only,23,742,8,2
agreement_only,23,747,0,0
agreement_only,23,749,3,3
agreement_only,23,756,4,9
agreement_only,23,758,7,7
agreement_only,23,759,2,8
agreement_only,23,763,5,6
agreement_only,23,764,7,7
agreement_only,23,766,5,8
agreement_only,23,767,4,7
agreement_only,23,769,8,8
agreement_only,23,773,8,6
agreement_only,23,775,8,5
agreement_only,23,785,9,9
agreement_only,23,787,1,1
agreement_only,23,789,3,3
agreement_only,23,797,1,1
agreement_only,23,802,6,6
agreement_only,23,803,7,7
agreement_only,23,805,9,0
agreement_only,23,811,5,8
agreement_only,23,814,8,3
agreement_only,23,823,1,1
agreement_only,23,826,2,1
agreement_only,23,831,0,0
agreement_only,23,841,6,6
agreement_only,23,844,4,5
agreement_only,23,850,5,5
agreement_only,23,856,1,4
agreement_only,23,859,3,3
agreement_only,23,864,6,6
agreement_only,23,869,1,1
agreement_only,23,874,3,3
agreement_only,23,882,6,5
agreement_only,23,883,1,7
agreement_only,23,885,5,5
agreement_only,23,890,8,7
agreement_only,23,896,5,5
agreement_only,23,898,8,7
agreement_only,23,900,4,4
agreement_only,23,906,1,3
agreement_only,23,908,3,2
agreement_only,23,911,6,6
agreement_only,23,912,7,7
agreement_only,23,919,4,4
agreement_only,23,924,9,2
agreement_only,23,936,9,2
agreement_only,23,941,0,0
agreement_only,23,945,8,7
agreement_only,23,947,1,5
agreement_only,23,957,0,9
agreement_only,23,970,4,8
agreement_only,23,976,5,0
agreement_only,23,982,1,0
agreement_only,23,991,1,1
agreement_only,23,995,7,7
agreement_only,23,1002,0,0
agreement_only,23,1003,5,5
agreement_only,23,1005,6,6
agreement_only,23,1010,5,5
agreement_only,23,1021,5,6
agreement_only,23,1023,4,4
agreement_only,23,1028,8,8
agreement_only,23,1029,0,0
agreement_only,23,1030,1,7
agreement_only,23,1035,6,6
agreement_only,23,1038,9,2
agreement_only,23,1057,8,1
agreement_only,23,1067,8,1
agreement_only,23,1070,4,4
agreement_only,23,1075,5,5
agreement_only,23,1076,1,1
agreement_only,23,1078,0,7
agreement_only,23,1083,1,8
agreement_only,23,1093,6,6
agreement_only,23,1094,6,6
agreement_only,23,1095,4,5
agreement_only,23,1097,1,1
agreement_only,23,1098,5,5
agreement_only,23,1107,1,1
agreement_only,23,1119,9,3
agreement_only,23,1121,7,7
agreement_only,23,1123,8,7
agreement_only,23,1129,5,6
agreement_only,23,1133,6,6
agreement_only,23,1136,5,3
agreement_only,23,1138,4,4
agreement_only,23,1139,7,1
agreement_only,23,1142,2,2
agreement_only,23,1143,2,2
agreement_only,23,1149,8,1
agreement_only,23,1153,0,0
agreement_only,23,1159,2,8
agreement_only,23,1167,0,0
agreement_only,23,1168,1,1
agreement_only,23,1173,6,6
agreement_only,23,1179,2,8
agreement_only,23,1181,4,5
agreement_only,23,1186,9,9
agreement_only,23,1188,9,2
agreement_only,23,1200,7,7
agreement_only,23,1201,7,7
agreement_only,23,1203,5,5
agreement_only,23,1207,2,5
agreement_only,23,1208,2,3
agreement_only,23,1209,7,7
agreement_only,23,1212,0,0
agreement_only,23,1220,3,3
agreement_only,23,1222,6,6
agreement_only,23,1224,6,6
agreement_only,23,1231,5,6
agreement_only,23,1237,1,1
agreement_only,23,1239,6,6
agreement_only,23,1243,7,1
agreement_only,23,1250,1,1
agreement_only,23,1256,1,4
agreement_only,23,1258,0,0
agreement_only,23,1268,4,4
agreement_only,23,1272,2,4
agreement_only,23,1280,8,5
agreement_only,23,1291,4,4
agreement_only,23,1300,3,3
agreement_only,23,1306,9,9
agreement_only,23,1307,0,0
agreement_only,23,1312,5,5
agreement_only,23,1316,9,2
agreement_only,23,1321,6,6
agreement_only,23,1323,0,4
agreement_only,23,1339,7,7
agreement_only,23,1346,3,3
agreement_only,23,1355,4,4
agreement_only,23,1360,9,3
agreement_only,23,1364,2,4
agreement_only,23,1368,7,7
agreement_only,23,1373,7,7
agreement_only,23,1374,4,1
agreement_only,23,1379,9,0
agreement_only,23,1381,7,7
agreement_only,23,1383,8,9
agreement_only,23,1387,4,8
agreement_only,23,1392,9,3
agreement_only,23,1405,7,7
agreement_only,23,1406,9,2
agreement_only,23,1407,5,4
agreement_only,23,1414,8,8
agreement_only,23,1427,2,9
agreement_only,23,1431,6,6
agreement_only,23,1434,9,0
agreement_only,23,1442,7,8
agreement_only,23,1444,9,9
agreement_only,23,1447,5,2
agreement_only,23,1448,5,5
agreement_only,23,1457,1,1
agreement_only,23,1463,0,0
agreement_only,23,1473,6,6
agreement_only,23,1475,3,3
agreement_only,23,1476,7,7
agreement_only,23,1479,4,4
agreement_only,23,1484,9,9
agreement_only,23,1487,0,0
agreement_only,23,1490,2,2
agreement_only,23,1496,7,7
agreement_only,23,1498,3,3
agreement_only,23,1502,4,4
agreement_only,23,1503,6,6
agreement_only,23,1509,7,7
agreement_only,23,1513,3,2
agreement_only,23,1514,1,1
agreement_only,23,1519,6,6
agreement_only,23,1520,9,2
agreement_only,23,1528,2,2
agreement_only,23,1529,8,7
agreement_only,23,1543,9,2
agreement_only,23,1544,8,2
agreement_only,23,1545,0,0
agreement_only,23,1556,1,1
agreement_only,23,1575,5,4
agreement_only,23,1579,0,0
agreement_only,23,1588,3,5
agreement_only,23,1613,1,1
agreement_only,23,1614,5,5
agreement_only,23,1616,9,1
agreement_only,23,1617,5,5
agreement_only,23,1628,4,8
agreement_only,23,1632,3,1
agreement_only,23,1633,9,7
agreement_only,23,1639,3,3
agreement_only,23,1644,3,3
agreement_only,23,1645,6,2
agreement_only,23,1651,4,4
agreement_only,23,1652,4,3
agreement_only,23,1653,7,1
agreement_only,23,1656,5,7
agreement_only,23,1664,8,0
agreement_only,23,1665,9,8
agreement_only,23,1667,0,0
agreement_only,23,1670,3,3
agreement_only,23,1671,4,7
agreement_only,23,1673,6,6
agreement_only,23,1674,7,7
agreement_only,23,1681,4,4
agreement_only,23,1689,2,2
agreement_only,23,1690,3,5
agreement_only,23,1695,8,3
agreement_only,23,1701,6,6
agreement_only,23,1708,4,9
agreement_only,23,1711,7,1
agreement_only,23,1712,3,3
agreement_only,23,1718,2,9
agreement_only,23,1719,7,7
agreement_only,23,1723,1,8
agreement_only,23,1726,3,8
agreement_only,23,1732,6,4
agreement_only,23,1744,2,2
agreement_only,23,1754,4,4
agreement_only,23,1755,6,6
agreement_only,23,1765,3,5
agreement_only,23,1783,2,3
agreement_only,23,1784,5,3
agreement_only,23,1792,9,9
agreement_sigreg,23,11,1,1
agreement_sigreg,23,19,9,2
agreement_sigreg,23,24,4,4
agreement_sigreg,23,27,7,9
agreement_sigreg,23,36,0,0
agreement_sigreg,23,60,3,3
agreement_sigreg,23,75,2,2
agreement_sigreg,23,77,2,7
agreement_sigreg,23,79,0,0
agreement_sigreg,23,84,2,2
agreement_sigreg,23,91,3,3
agreement_sigreg,23,92,9,9
agreement_sigreg,23,107,1,1
agreement_sigreg,23,113,2,2
agreement_sigreg,23,114,8,8
agreement_sigreg,23,117,5,5
agreement_sigreg,23,127,8,8
agreement_sigreg,23,135,5,5
agreement_sigreg,23,138,8,8
agreement_sigreg,23,139,9,9
agreement_sigreg,23,144,4,4
agreement_sigreg,23,149,9,9
agreement_sigreg,23,150,0,0
agreement_sigreg,23,155,5,5
agreement_sigreg,23,166,0,0
agreement_sigreg,23,168,8,8
agreement_sigreg,23,179,0,0
agreement_sigreg,23,187,2,2
agreement_sigreg,23,189,3,3
agreement_sigreg,23,205,2,2
agreement_sigreg,23,217,3,3
agreement_sigreg,23,219,3,3
agreement_sigreg,23,222,7,7
agreement_sigreg,23,223,6,6
agreement_sigreg,23,224,8,8
agreement_sigreg,23,226,3,3
agreement_sigreg,23,228,4,4
agreement_sigreg,23,231,3,3
agreement_sigreg,23,240,7,7
agreement_sigreg,23,244,2,2
agreement_sigreg,23,249,8,8
agreement_sigreg,23,252,0,0
agreement_sigreg,23,261,5,5
agreement_sigreg,23,262,6,6
agreement_sigreg,23,271,5,5
agreement_sigreg,23,272,6,6
agreement_sigreg,23,276,0,0
agreement_sigreg,23,277,1,1
agreement_sigreg,23,280,4,4
agreement_sigreg,23,287,9,9
agreement_sigreg,23,291,5,5
agreement_sigreg,23,295,9,9
agreement_sigreg,23,319,3,3
agreement_sigreg,23,323,6,6
agreement_sigreg,23,334,0,0
agreement_sigreg,23,338,6,6
agreement_sigreg,23,339,3,3
agreement_sigreg,23,349,1,1
agreement_sigreg,23,351,6,6
agreement_sigreg,23,353,4,4
agreement_sigreg,23,356,4,4
agreement_sigreg,23,358,5,5
agreement_sigreg,23,360,6,6
agreement_sigreg,23,363,1,4
agreement_sigreg,23,371,2,2
agreement_sigreg,23,381,9,9
agreement_sigreg,23,394,8,8
agreement_sigreg,23,397,1,1
agreement_sigreg,23,399,3,3
agreement_sigreg,23,406,0,0
agreement_sigreg,23,407,1,1
agreement_sigreg,23,408,2,2
agreement_sigreg,23,414,8,9
agreement_sigreg,23,419,5,5
agreement_sigreg,23,422,0,0
agreement_sigreg,23,424,8,8
agreement_sigreg,23,425,9,9
agreement_sigreg,23,428,1,1
agreement_sigreg,23,429,7,7
agreement_sigreg,23,435,0,0
agreement_sigreg,23,441,0,0
agreement_sigreg,23,452,6,6
agreement_sigreg,23,454,4,4
agreement_sigreg,23,457,5,9
agreement_sigreg,23,471,1,1
agreement_sigreg,23,478,9,9
agreement_sigreg,23,479,1,1
agreement_sigreg,23,484,3,3
agreement_sigreg,23,487,0,0
agreement_sigreg,23,489,3,3
agreement_sigreg,23,490,6,6
agreement_sigreg,23,498,7,7
agreement_sigreg,23,499,2,2
agreement_sigreg,23,500,8,8
agreement_sigreg,23,502,2,2
agreement_sigreg,23,503,5,5
agreement_sigreg,23,505,9,9
agreement_sigreg,23,508,8,8
agreement_sigreg,23,510,4,4
agreement_sigreg,23,513,8,8
agreement_sigreg,23,520,4,4
agreement_sigreg,23,539,3,3
agreement_sigreg,23,541,5,5
agreement_sigreg,23,543,7,7
agreement_sigreg,23,558,1,1
agreement_sigreg,23,559,7,7
agreement_sigreg,23,568,7,7
agreement_sigreg,23,569,8,8
agreement_sigreg,23,577,7,7
agreement_sigreg,23,578,3,3
agreement_sigreg,23,583,6,6
agreement_sigreg,23,586,1,1
agreement_sigreg,23,588,0,0
agreement_sigreg,23,591,2,2
agreement_sigreg,23,594,0,0
agreement_sigreg,23,607,3,8
agreement_sigreg,23,613,4,4
agreement_sigreg,23,616,4,4
agreement_sigreg,23,625,5,5
agreement_sigreg,23,628,7,7
agreement_sigreg,23,629,2,2
agreement_sigreg,23,635,9,9
agreement_sigreg,23,639,8,1
agreement_sigreg,23,642,0,0
agreement_sigreg,23,652,6,6
agreement_sigreg,23,659,3,3
agreement_sigreg,23,673,7,7
agreement_sigreg,23,682,0,0
agreement_sigreg,23,694,0,0
agreement_sigreg,23,697,2,3
agreement_sigreg,23,700,2,2
agreement_sigreg,23,703,2,2
agreement_sigreg,23,705,3,3
agreement_sigreg,23,719,9,1
agreement_sigreg,23,722,8,8
agreement_sigreg,23,723,2,8
agreement_sigreg,23,727,7,7
agreement_sigreg,23,730,2,2
agreement_sigreg,23,738,9,9
agreement_sigreg,23,741,6,6
agreement_sigreg,23,742,8,8
agreement_sigreg,23,747,0,0
agreement_sigreg,23,749,3,3
agreement_sigreg,23,756,4,4
agreement_sigreg,23,758,7,7
agreement_sigreg,23,759,2,2
agreement_sigreg,23,763,5,5
agreement_sigreg,23,764,7,7
agreement_sigreg,23,766,5,5
agreement_sigreg,23,767,4,4
agreement_sigreg,23,769,8,8
agreement_sigreg,23,773,8,8
agreement_sigreg,23,775,8,8
agreement_sigreg,23,785,9,9
agreement_sigreg,23,787,1,1
agreement_sigreg,23,789,3,3
agreement_sigreg,23,797,1,1
agreement_sigreg,23,802,6,6
agreement_sigreg,23,803,7,7
agreement_sigreg,23,805,9,8
agreement_sigreg,23,811,5,5
agreement_sigreg,23,814,8,8
agreement_sigreg,23,823,1,1
agreement_sigreg,23,826,2,2
agreement_sigreg,23,831,0,0
agreement_sigreg,23,841,6,6
agreement_sigreg,23,844,4,4
agreement_sigreg,23,850,5,5
agreement_sigreg,23,856,1,1
agreement_sigreg,23,859,3,3
agreement_sigreg,23,864,6,6
agreement_sigreg,23,869,1,1
agreement_sigreg,23,874,3,3
agreement_sigreg,23,882,6,6
agreement_sigreg,23,883,1,7
agreement_sigreg,23,885,5,5
agreement_sigreg,23,890,8,8
agreement_sigreg,23,896,5,5
agreement_sigreg,23,898,8,9
agreement_sigreg,23,900,4,4
agreement_sigreg,23,906,1,1
agreement_sigreg,23,908,3,3
agreement_sigreg,23,911,6,6
agreement_sigreg,23,912,7,7
agreement_sigreg,23,919,4,4
agreement_sigreg,23,924,9,9
agreement_sigreg,23,936,9,9
agreement_sigreg,23,941,0,0
agreement_sigreg,23,945,8,8
agreement_sigreg,23,947,1,1
agreement_sigreg,23,957,0,0
agreement_sigreg,23,970,4,4
agreement_sigreg,23,976,5,5
agreement_sigreg,23,982,1,1
agreement_sigreg,23,991,1,1
agreement_sigreg,23,995,7,7
agreement_sigreg,23,1002,0,0
agreement_sigreg,23,1003,5,5
agreement_sigreg,23,1005,6,6
agreement_sigreg,23,1010,5,9
agreement_sigreg,23,1021,5,5
agreement_sigreg,23,1023,4,4
agreement_sigreg,23,1028,8,8
agreement_sigreg,23,1029,0,0
agreement_sigreg,23,1030,1,1
agreement_sigreg,23,1035,6,6
agreement_sigreg,23,1038,9,9
agreement_sigreg,23,1057,8,8
agreement_sigreg,23,1067,8,8
agreement_sigreg,23,1070,4,4
agreement_sigreg,23,1075,5,5
agreement_sigreg,23,1076,1,1
agreement_sigreg,23,1078,0,0
agreement_sigreg,23,1083,1,8
agreement_sigreg,23,1093,6,6
agreement_sigreg,23,1094,6,6
agreement_sigreg,23,1095,4,5
agreement_sigreg,23,1097,1,1
agreement_sigreg,23,1098,5,5
agreement_sigreg,23,1107,1,1
agreement_sigreg,23,1119,9,9
agreement_sigreg,23,1121,7,7
agreement_sigreg,23,1123,8,8
agreement_sigreg,23,1129,5,5
agreement_sigreg,23,1133,6,6
agreement_sigreg,23,1136,5,5
agreement_sigreg,23,1138,4,4
agreement_sigreg,23,1139,7,7
agreement_sigreg,23,1142,2,2
agreement_sigreg,23,1143,2,2
agreement_sigreg,23,1149,8,1
agreement_sigreg,23,1153,0,0
agreement_sigreg,23,1159,2,2
agreement_sigreg,23,1167,0,0
agreement_sigreg,23,1168,1,1
agreement_sigreg,23,1173,6,6
agreement_sigreg,23,1179,2,2
agreement_sigreg,23,1181,4,4
agreement_sigreg,23,1186,9,9
agreement_sigreg,23,1188,9,9
agreement_sigreg,23,1200,7,7
agreement_sigreg,23,1201,7,7
agreement_sigreg,23,1203,5,5
agreement_sigreg,23,1207,2,2
agreement_sigreg,23,1208,2,2
agreement_sigreg,23,1209,7,7
agreement_sigreg,23,1212,0,0
agreement_sigreg,23,1220,3,3
agreement_sigreg,23,1222,6,6
agreement_sigreg,23,1224,6,6
agreement_sigreg,23,1231,5,5
agreement_sigreg,23,1237,1,1
agreement_sigreg,23,1239,6,6
agreement_sigreg,23,1243,7,7
agreement_sigreg,23,1250,1,1
agreement_sigreg,23,1256,1,8
agreement_sigreg,23,1258,0,0
agreement_sigreg,23,1268,4,4
agreement_sigreg,23,1272,2,2
agreement_sigreg,23,1280,8,8
agreement_sigreg,23,1291,4,4
agreement_sigreg,23,1300,3,3
agreement_sigreg,23,1306,9,9
agreement_sigreg,23,1307,0,0
agreement_sigreg,23,1312,5,5
agreement_sigreg,23,1316,9,9
agreement_sigreg,23,1321,6,6
agreement_sigreg,23,1323,0,0
agreement_sigreg,23,1339,7,7
agreement_sigreg,23,1346,3,3
agreement_sigreg,23,1355,4,4
agreement_sigreg,23,1360,9,9
agreement_sigreg,23,1364,2,9
agreement_sigreg,23,1368,7,7
agreement_sigreg,23,1373,7,7
agreement_sigreg,23,1374,4,4
agreement_sigreg,23,1379,9,9
agreement_sigreg,23,1381,7,7
agreement_sigreg,23,1383,8,8
agreement_sigreg,23,1387,4,4
agreement_sigreg,23,1392,9,9
agreement_sigreg,23,1405,7,7
agreement_sigreg,23,1406,9,9
agreement_sigreg,23,1407,5,5
agreement_sigreg,23,1414,8,8
agreement_sigreg,23,1427,2,2
agreement_sigreg,23,1431,6,6
agreement_sigreg,23,1434,9,9
agreement_sigreg,23,1442,7,7
agreement_sigreg,23,1444,9,9
agreement_sigreg,23,1447,5,5
agreement_sigreg,23,1448,5,5
agreement_sigreg,23,1457,1,9
agreement_sigreg,23,1463,0,0
agreement_sigreg,23,1473,6,6
agreement_sigreg,23,1475,3,3
agreement_sigreg,23,1476,7,7
agreement_sigreg,23,1479,4,4
agreement_sigreg,23,1484,9,9
agreement_sigreg,23,1487,0,0
agreement_sigreg,23,1490,2,2
agreement_sigreg,23,1496,7,7
agreement_sigreg,23,1498,3,3
agreement_sigreg,23,1502,4,4
agreement_sigreg,23,1503,6,6
agreement_sigreg,23,1509,7,7
agreement_sigreg,23,1513,3,3
agreement_sigreg,23,1514,1,9
agreement_sigreg,23,1519,6,6
agreement_sigreg,23,1520,9,3
agreement_sigreg,23,1528,2,2
agreement_sigreg,23,1529,8,9
agreement_sigreg,23,1543,9,9
agreement_sigreg,23,1544,8,8
agreement_sigreg,23,1545,0,0
agreement_sigreg,23,1556,1,1
agreement_sigreg,23,1575,5,2
agreement_sigreg,23,1579,0,0
agreement_sigreg,23,1588,3,3
agreement_sigreg,23,1613,1,1
agreement_sigreg,23,1614,5,5
agreement_sigreg,23,1616,9,9
agreement_sigreg,23,1617,5,1
agreement_sigreg,23,1628,4,7
agreement_sigreg,23,1632,3,3
agreement_sigreg,23,1633,9,8
agreement_sigreg,23,1639,3,3
agreement_sigreg,23,1644,3,3
agreement_sigreg,23,1645,6,4
agreement_sigreg,23,1651,4,4
agreement_sigreg,23,1652,4,4
agreement_sigreg,23,1653,7,7
agreement_sigreg,23,1656,5,5
agreement_sigreg,23,1664,8,8
agreement_sigreg,23,1665,9,8
agreement_sigreg,23,1667,0,0
agreement_sigreg,23,1670,3,8
agreement_sigreg,23,1671,4,4
agreement_sigreg,23,1673,6,6
agreement_sigreg,23,1674,7,7
agreement_sigreg,23,1681,4,4
agreement_sigreg,23,1689,2,2
agreement_sigreg,23,1690,3,5
agreement_sigreg,23,1695,8,8
agreement_sigreg,23,1701,6,6
agreement_sigreg,23,1708,4,4
agreement_sigreg,23,1711,7,7
agreement_sigreg,23,1712,3,8
agreement_sigreg,23,1718,2,2
agreement_sigreg,23,1719,7,7
agreement_sigreg,23,1723,1,8
agreement_sigreg,23,1726,3,3
agreement_sigreg,23,1732,6,6
agreement_sigreg,23,1744,2,2
agreement_sigreg,23,1754,4,4
agreement_sigreg,23,1755,6,6
agreement_sigreg,23,1765,3,5
agreement_sigreg,23,1783,2,2
agreement_sigreg,23,1784,5,5
agreement_sigreg,23,1792,9,9
