model,seed,epoch,objective,agreement,sigreg
agreement_only,11,1,0.0005322205171170128,0.0005322205171170128,49.73512310451932
agreement_only,11,2,0.0001129526640902946,0.0001129526640902946,49.9558425479465
agreement_only,11,3,4.167866285974419e-05,4.167866285974419e-05,49.956665462917755
agreement_only,11,4,2.3686877587654937e-05,2.3686877587654937e-05,49.869169023301865
agreement_only,11,5,1.7448195143919696e-05,1.7448195143919696e-05,49.927639643351235
agreement_only,11,6,1.3421916870962983e-05,1.3421916870962983e-05,49.66989050971137
agreement_only,11,7,1.0554590416076178e-05,1.0554590416076178e-05,49.65647294786241
agreement_only,11,8,9.308646945606193e-06,9.308646945606193e-06,49.63096682230631
agreement_only,11,9,7.934030893213478e-06,7.934030893213478e-06,49.69585037231445
agreement_only,11,10,7.398117102436825e-06,7.398117102436825e-06,49.689449310302734
agreement_only,11,11,6.503036123225077e-06,6.503036123225077e-06,49.61853790283203
agreement_only,11,12,6.2226559849578835e-06,6.2226559849578835e-06,49.60065523783366
agreement_only,11,13,5.612190408202069e-06,5.612190408202069e-06,49.63399081759982
agreement_only,11,14,5.221285037906556e-06,5.221285037906556e-06,49.52781846788194
agreement_only,11,15,4.725134557601349e-06,4.725134557601349e-06,49.64126057094998
agreement_only,11,16,4.381563636949674e-06,4.381563636949674e-06,49.55802239312066
agreement_only,11,17,4.086936794717783e-06,4.086936794717783e-06,49.607946183946396
agreement_only,11,18,3.746072808199743e-06,3.746072808199743e-06,49.58562469482422
agreement_only,11,19,3.6302310743647267e-06,3.6302310743647267e-06,49.5753173828125
agreement_only,11,20,3.4232256590864076e-06,3.4232256590864076e-06,49.59073109096951
agreement_only,11,21,3.145034977731282e-06,3.145034977731282e-06,49.544772466023765
agreement_only,11,22,2.9372923412059513e-06,2.9372923412059513e-06,49.64034525553385
agreement_only,11,23,2.8005723733157438e-06,2.8005723733157438e-06,49.51444413926866
agreement_only,11,24,2.6703824258018158e-06,2.6703824258018158e-06,49.52924050225152
agreement_only,11,25,2.4663112930688335e-06,2.4663112930688335e-06,49.57527626885308
agreement_sigreg,11,1,24.376738866170246,0.0012039076666244203,48.75227355957031
agreement_sigreg,11,2,23.829789691501194,0.001881807085333599,47.65769788953993
agreement_sigreg,11,3,22.164735158284504,0.003970768354419205,44.32549921671549
agreement_sigreg,11,4,16.796708742777508,0.011706038636879789,33.58171166314019
agreement_sigreg,11,5,9.670035627153185,0.03846197513242563,19.30160935719808
agreement_sigreg,11,6,6.975011693106757,0.07110278349783686,13.878920449150932
agreement_sigreg,11,7,5.96363706058926,0.08628700342443255,11.840986993577745
agreement_sigreg,11,8,5.574088070127699,0.09622323264678319,11.051952997843424
agreement_sigreg,11,9,5.507314099205865,0.08709859599669774,10.927529705895317
agreement_sigreg,11,10,5.128729502360026,0.08115550213389927,10.17630343967014
agreement_sigreg,11,11,5.2222896284527245,0.08261443177858989,10.361964835060967
agreement_sigreg,11,12,4.572713375091553,0.08199102431535721,9.06343576643202
agreement_sigreg,11,13,4.803774648242527,0.07754825138383442,9.53000111050076
agreement_sigreg,11,14,4.0774886343214245,0.0822903455959426,8.072686884138319
agreement_sigreg,11,15,4.104730447133382,0.08734172417057885,8.122119161817762
agreement_sigreg,11,16,3.963202052646213,0.08601325419214037,7.840390788184272
agreement_sigreg,11,17,3.618471278084649,0.09486652579572466,7.142076174418132
agreement_sigreg,11,18,3.4427439636654324,0.08712987353404363,6.798358122507731
agreement_sigreg,11,19,3.4103214343388877,0.09005375372038947,6.730589124891493
agreement_sigreg,11,20,3.3045874304241605,0.09389476892020968,6.515280087788899
agreement_sigreg,11,21,2.9807027048534818,0.08904128438896602,5.87236409717136
agreement_sigreg,11,22,2.7946672836939492,0.09231447511249119,5.497020085652669
agreement_sigreg,11,23,2.963802946938409,0.09127700908316506,5.836328824361165
agreement_sigreg,11,24,2.8561460971832275,0.09612640738487244,5.61616579691569
agreement_sigreg,11,25,3.2380166980955334,0.09122119181685978,6.384812143113878
agreement_only,23,1,0.0004992529672260085,0.0004992529672260085,49.7377200656467
agreement_only,23,2,9.765471703657467e-05,9.765471703657467e-05,49.505471547444664
agreement_only,23,3,3.662127285982327e-05,3.662127285982327e-05,49.52930704752604
agreement_only,23,4,2.1974926615560737e-05,2.1974926615560737e-05,49.45397843254937
agreement_only,23,5,1.601325948286103e-05,1.601325948286103e-05,49.44393348693848
agreement_only,23,6,1.2911838691959727e-05,1.2911838691959727e-05,49.506293826633026
agreement_only,23,7,9.965362854321333e-06,9.965362854321333e-06,49.46919420030382
agreement_only,23,8,8.753636999851247e-06,8.753636999851247e-06,49.496968587239586
agreement_only,23,9,7.756560434144274e-06,7.756560434144274e-06,49.46821806165907
agreement_only,23,10,6.753401117344361e-06,6.753401117344361e-06,49.45254770914713
agreement_only,23,11,6.064142881869985e-06,6.064142881869985e-06,49.442979176839195
agreement_only,23,12,5.625444423963523e-06,5.625444423963523e-06,49.46338187323676
agreement_only,23,13,4.918064860248705e-06,4.918064860248705e-06,49.49103715684679
agreement_only,23,14,4.633500288441104e-06,4.633500288441104e-06,49.45942094590929
agreement_only,23,15,4.304388615613182e-06,4.304388615613182e-06,49.4397644466824
agreement_only,23,16,3.958381613402808e-06,3.958381613402808e-06,49.49608929951986
agreement_only,23,17,3.6197060732471678e-06,3.6197060732471678e-06,49.47637600368924
agreement_only,23,18,3.321615976245893e-06,3.321615976245893e-06,49.38573031955295
agreement_only,23,19,3.071177161473315e-06,3.071177161473315e-06,49.394385443793404
agreement_only,23,20,3.110306352027692e-06,3.110306352027692e-06,49.4130605061849
agreement_only,23,21,2.7474884013321976e-06,2.7474884013321976e-06,49.471795399983726
agreement_only,23,22,2.4396418009726203e-06,2.4396418009726203e-06,49.44069290161133
agreement_only,23,23,2.44693567057968e-06,2.44693567057968e-06,49.44466696845161
agreement_only,23,24,2.169030216868527e-06,2.169030216868527e-06,49.38591066996256
agreement_only,23,25,2.0787319448977037e-06,2.0787319448977037e-06,49.47339651319716
agreement_sigreg,23,1,24.46420955657959,0.000980967455284877,48.92743831210666
agreement_sigreg,23,2,23.998247358534073,0.0014570053770310348,47.99503750271268
agreement_sigreg,23,3,22.437304496765137,0.003246994223445654,44.87136268615723
agreement_sigreg,23,4,18.272862063513863,0.010104898466832109,36.53561920589871
agreement_sigreg,23,5,10.392411337958443,0.029231965748800173,20.755591074625652
agreement_sigreg,23,6,7.605376614464654,0.06579407138956918,15.14495923784044
agreement_sigreg,23,7,6.914866182539198,0.08776166538397472,13.74197080400255
agreement_sigreg,23,8,6.556976318359375,0.08471219821108712,13.029240449269613
agreement_sigreg,23,9,5.862972603903876,0.0755757126543257,11.650369538201225
agreement_sigreg,23,10,5.235661798053318,0.06962451131807433,10.40169906616211
agreement_sigreg,23,11,4.406957917743259,0.0694977305829525,8.744418064753214
agreement_sigreg,23,12,5.0527589321136475,0.07154176549779044,10.03397602505154
agreement_sigreg,23,13,4.567614926232232,0.07777094799611303,9.05745882458157
agreement_sigreg,23,14,4.398505210876465,0.07644050733910666,8.720569981469048
agreement_sigreg,23,15,4.3371040556165905,0.07360560943682988,8.60060257381863
agreement_sigreg,23,16,4.365753226810032,0.07120221108198166,8.660304281446669
agreement_sigreg,23,17,4.1406970553927955,0.07703016036086613,8.204363928900825
agreement_sigreg,23,18,4.354771667056614,0.07766883240805732,8.631874614291721
agreement_sigreg,23,19,4.442668120066325,0.08163071672121684,8.803705533345541
agreement_sigreg,23,20,4.023748212390476,0.08191676106717852,7.965579721662733
agreement_sigreg,23,21,3.418452355596754,0.08353771269321442,6.753367000155979
agreement_sigreg,23,22,3.548908273379008,0.07970458848608865,7.018111970689562
agreement_sigreg,23,23,3.000807378027174,0.08186926692724228,5.919745551215278
agreement_sigreg,23,24,3.615191247728136,0.08208630979061127,7.148296144273546
agreement_sigreg,23,25,3.161781284544203,0.0798658538195822,6.243696795569526
