row_id,h0_mean,h0_std,h0_max,h1_count,h1_max_lifetime,h1_total_lifetime
2,2.260949596937854,0.406710431339643,3.099545214642256,2.0,0.2748134932250972,0.47903827871311355
4,2.6066786191833664,0.52801687014568,3.5554568092470538,0.0,0.0,0.0
8,2.2445707917542745,0.27340334090739815,2.7283036377140384,1.0,0.20422478548801637,0.20422478548801637
11,2.055406104340216,0.13791530040563477,2.266604285229785,0.0,0.0,0.0
14,2.2523890721880715,0.3339979406950949,2.834602882216406,2.0,0.20422478548801637,0.20556960454924456
18,2.3632443748172705,0.5155460755340004,3.5370870714931977,1.0,0.3749168855316123,0.3749168855316123
19,2.1858398036362963,0.2659573661953054,2.7283036377140384,1.0,0.20422478548801637,0.20422478548801637
23,2.0125589524990968,0.3208638055405794,2.685641563410752,0.0,0.0,0.0
24,2.4777837437086943,0.44248508303148154,2.950887611723545,0.0,0.0,0.0
27,1.9323611706109176,0.3093976051881843,2.4223428510525964,0.0,0.0,0.0
32,2.0693005989102624,0.1309682170213156,2.266604285229785,0.0,0.0,0.0
33,2.2153321452957337,0.26842751469392695,2.7283036377140384,2.0,0.20422478548801637,0.20556960454924456
34,2.047840721156654,0.19222089400566572,2.4223428510525964,1.0,0.031176874398541887,0.031176874398541887
39,2.507838926342765,0.5466235272940596,3.5370870714931977,1.0,0.20422478548801637,0.20422478548801637
40,2.184856799569521,0.2672715335806049,2.7283036377140384,2.0,0.14375684808146305,0.14510166714269124
41,2.248945670597352,0.3964283023223367,2.730525113727501,0.0,0.0,0.0
44,2.1488873740734244,0.39163415856474904,2.84996836370452,0.0,0.0,0.0
46,2.396720235760219,0.4302669859639091,3.296548701383207,1.0,0.20422478548801637,0.20422478548801637
47,2.197871480803237,0.5206159926958978,2.84996836370452,0.0,0.0,0.0
48,2.170459864305385,0.26620185210036734,2.7283036377140384,2.0,0.6056732685005315,0.7084087673419672
50,2.36912085738898,0.5335856322712841,3.5160847485559534,1.0,0.17423964632068722,0.17423964632068722
51,2.1023563483855563,0.17359152798817964,2.4223428510525964,1.0,0.621905419780036,0.621905419780036
52,2.2051051106828625,0.4302477890569831,3.2649713846918442,2.0,0.20422478548801637,0.20556960454924456
53,2.06364893184082,0.3626758108116309,2.7283036377140384,1.0,0.1670088000485448,0.1670088000485448
56,2.0404440573903555,0.30902713144885624,2.4223428510525964,1.0,0.0013448190612281863,0.0013448190612281863
57,2.1886951854406624,0.266075868916307,2.7283036377140384,1.0,0.10376848837068886,0.10376848837068886
60,2.7396133726113248,0.9216643643101108,4.2852328374373165,2.0,0.25923774287144585,0.28025912490549665
61,2.6854108835542534,0.485918866440927,3.678799029802514,0.0,0.0,0.0
62,2.1193382230939055,0.24531198892890668,2.4824735860769,1.0,0.4862852155792048,0.4862852155792048
67,2.08900154974256,0.366360719911349,2.685641563410752,1.0,0.00028869929033437103,0.00028869929033437103
69,2.3912689255649724,0.7063764878550746,4.070546110557486,0.0,0.0,0.0
72,2.6593225661335707,0.566845525597311,3.519040194480501,0.0,0.0,0.0
82,2.7241366297989957,0.5955496839365,3.5292710952086015,0.0,0.0,0.0
84,2.209515208583931,0.3914872208668884,2.8377033924333728,0.0,0.0,0.0
85,2.11842836556858,0.3124094085009369,2.685641563410752,0.0,0.0,0.0
86,2.408340661122473,0.5160195631659067,3.2398665656845105,0.0,0.0,0.0
87,2.770010178298601,0.6330852182014337,3.5292710952086015,0.0,0.0,0.0
88,2.5490387693635825,0.49349580254296876,3.1077363403904115,0.0,0.0,0.0
89,2.4769471908573344,0.49098233151179915,3.2398665656845105,0.0,0.0,0.0
90,2.56236668268577,0.5744785219880295,3.2398665656845105,1.0,0.2481835133898782,0.2481835133898782
92,2.7038410371421406,0.49869306343045233,3.469638908532891,1.0,0.00775453615188848,0.00775453615188848
94,2.231520139412248,0.38716714919559153,2.949535851309845,1.0,0.03261464714882134,0.03261464714882134
98,2.2092761643966012,0.5444950555471353,3.1439887446961463,0.0,0.0,0.0
99,2.5308135901888873,0.6438350812216074,3.599816985877721,0.0,0.0,0.0
103,2.2061407699349016,0.34038222418639996,2.730525113727501,1.0,0.10570010426186727,0.10570010426186727
105,2.645969034486093,0.399376728519527,3.1127807154680265,0.0,0.0,0.0
108,2.1664852679318005,0.29968879186509684,2.685641563410752,1.0,0.0942116879225976,0.0942116879225976
110,2.879892359734138,0.8798360425468641,4.395531119547456,0.0,0.0,0.0
111,2.1035597215266635,0.30065374816249846,2.730525113727501,0.0,0.0,0.0
114,2.417819659333851,0.5324955649933519,3.2398665656845105,0.0,0.0,0.0
115,2.4243211210682514,0.6321573651105877,3.7467471226375006,0.0,0.0,0.0
117,2.2094613956089826,0.3582630439768264,2.949535851309845,0.0,0.0,0.0
120,2.2737287627429126,0.4672159809610071,3.0474294899532928,0.0,0.0,0.0
125,2.1538808412064188,0.43898617255966943,2.949535851309845,0.0,0.0,0.0
128,2.5072041086563646,0.5535064132889551,3.524364216921182,0.0,0.0,0.0
130,2.8877487625924907,0.6084058871290807,4.070546110557486,1.0,0.23235010691968672,0.23235010691968672
131,2.559310154770772,0.5182110808886321,3.2732799579754146,0.0,0.0,0.0
133,2.66367026500091,0.35351247868340163,3.2732799579754146,0.0,0.0,0.0
136,2.5626991394009613,0.17260350357056659,2.815715936834703,2.0,0.08901279270893925,0.13688655210992895
141,2.6680319837451165,0.34561802638990563,3.2732799579754146,1.0,0.10802473353305864,0.10802473353305864
142,2.564644793807644,0.41855915676058303,3.2107239264409473,1.0,0.06200665766944802,0.06200665766944802
144,2.660627044960625,0.2588464253074828,3.1367956284654426,1.0,0.08901279270893925,0.08901279270893925
145,2.5258740295683237,0.19382113856329405,2.815715936834703,2.0,0.10756386765526482,0.19657666036420407
146,2.6980390528004605,0.251565189632636,3.1367956284654426,1.0,0.08901279270893925,0.08901279270893925
147,2.475429537315912,0.44530194588345673,3.0834990316994544,1.0,0.08901279270893925,0.08901279270893925
149,2.5222831256763483,0.22665649508773852,2.819839060415619,3.0,0.09358435143380284,0.2485027371950057
152,2.8117497375082445,0.35784174688881537,3.4106329266785855,1.0,0.27870207810609804,0.27870207810609804
153,2.5836537281074263,0.22138777193630607,2.9493311694836692,1.0,0.08901279270893925,0.08901279270893925
156,2.4962794006978672,0.24248970509859002,2.819839060415619,1.0,0.08901279270893925,0.08901279270893925
158,3.15616017934855,0.9405877696959649,5.025450340010364,0.0,0.0,0.0
162,2.445049315121156,0.42341416734896964,3.037482638643358,2.0,0.09662108166102312,0.10823559731873056
167,2.5189167747817303,0.1974490959912947,2.819839060415619,1.0,0.08901279270893925,0.08901279270893925
168,2.472392701257088,0.34451408669752326,2.819839060415619,3.0,0.5593951303451901,0.722336221029634
175,2.5450581777612546,0.22993731580356513,2.8548081398254865,1.0,0.08901279270893925,0.08901279270893925
176,2.5986809536810522,0.2704114701327482,3.1367956284654426,2.0,0.08901279270893925,0.10787483263566644
177,2.534069940336812,0.1856866706343456,2.819839060415619,2.0,0.2212562584228448,0.31026905113178405
1,1.9735707120660302,0.19291368314950527,2.266604285229785,0.0,0.0,0.0
5,2.1515883048048807,0.3236174045722141,2.9244943994990744,1.0,0.1817562064474072,0.1817562064474072
6,2.2816493893107963,0.4046850958177012,3.0356383922420864,1.0,0.20422478548801637,0.20422478548801637
10,2.3359666485476813,0.45508223507481543,3.337641998286883,1.0,0.3408393943961774,0.3408393943961774
15,2.1447889429905382,0.28452789852118937,2.7283036377140384,1.0,0.20422478548801637,0.20422478548801637
20,2.159920326031378,0.28513775505217953,2.7283036377140384,1.0,0.20422478548801637,0.20422478548801637
21,2.5826453749413214,0.5121092953598867,3.5062586108694984,1.0,0.19645847809791217,0.19645847809791217
31,2.1722168167919325,0.22201628536814652,2.5487704230543615,1.0,0.4679281288985382,0.4679281288985382
36,2.3360951089847086,0.5043697468651982,3.551191678340474,1.0,0.0013448190612281863,0.0013448190612281863
37,2.0901231451361286,0.17473370892330906,2.4223428510525964,1.0,0.11882884168721963,0.11882884168721963
42,2.1226750053474017,0.21913064328954823,2.4306894258094625,2.0,0.20422478548801637,0.20556960454924456
45,2.4169335026175345,0.49945283451527106,3.551191678340474,1.0,0.20422478548801637,0.20422478548801637
64,2.674730568380339,0.6858850585760629,3.643960410183296,0.0,0.0,0.0
65,2.464287114759087,0.41496137858828985,3.3239468072586056,2.0,0.19445289338630145,0.28765988921044583
70,2.5683276479720485,0.5006687151372918,3.2398665656845105,1.0,0.2411685737892788,0.2411685737892788
74,2.320539677188833,0.4037893189497961,2.949535851309845,1.0,0.1471977053014677,0.1471977053014677
77,2.5412419505430885,0.41938788797374627,2.9038002710390924,1.0,0.2236540943302443,0.2236540943302443
79,2.8886139359001266,0.5728720411450312,3.599816985877721,1.0,0.01709082861079736,0.01709082861079736
91,2.603120941138501,0.546711914716697,3.2398665656845105,0.0,0.0,0.0
93,2.333184170918706,0.5046688589481183,3.213586200316752,0.0,0.0,0.0
96,3.287546334689331,0.6203553012735405,4.221545469441977,1.0,0.11040524958648046,0.11040524958648046
101,2.338385234746536,0.6421417730816062,3.839317966378918,1.0,0.41990527615582174,0.41990527615582174
112,2.8652121645951283,0.2437404105329337,3.2893417080038927,0.0,0.0,0.0
116,2.0958016083010658,0.4449215841693236,2.730525113727501,0.0,0.0,0.0
118,2.6933072298192036,0.19340868289103008,2.9393181432308597,1.0,0.05618881764454775,0.05618881764454775
119,2.4504683090428947,0.6081937330889148,3.739262918940182,1.0,0.1711956168062998,0.1711956168062998
127,3.0952836562476977,0.44169082065333165,3.9122640048477053,0.0,0.0,0.0
137,2.6873395330499696,0.23624809678947148,3.1367956284654426,1.0,0.08901279270893925,0.08901279270893925
138,2.4752588189498006,0.24175449140020533,2.815715936834703,1.0,0.06087733750805624,0.06087733750805624
140,2.530595768032795,0.41150714410339917,3.2107239264409473,1.0,0.18589215485084187,0.18589215485084187
148,2.415210809084723,0.3418072797838891,2.819839060415619,2.0,0.08901279270893925,0.12994434586165848
151,2.607753712732658,0.20239157079224354,2.8216753156687138,2.0,0.4594012351362755,0.5484140278452148
159,2.737470625669452,0.384894971892457,3.4935059435597293,1.0,0.08901279270893925,0.08901279270893925
163,2.494201204956549,0.4732439159937779,3.1367956284654426,2.0,0.09662108166102312,0.18563387436996237
165,2.4597491004681142,0.34405152543983075,3.1367956284654426,1.0,0.08901279270893925,0.08901279270893925
174,2.338221198394203,0.2297296585039002,2.5675134738367014,1.0,0.09888023011757285,0.09888023011757285
0,2.1822686094733426,0.2682918257048996,2.7283036377140384,1.0,0.0013448190612281863,0.0013448190612281863
12,2.065708629110731,0.13854200047412685,2.266604285229785,1.0,0.23341845397805816,0.23341845397805816
17,2.085345181221222,0.3999481117568049,2.7283036377140384,1.0,0.20422478548801637,0.20422478548801637
25,3.2174313204126808,0.7259700492495323,4.052955869287321,1.0,0.3259024441559708,0.3259024441559708
26,2.099169977986964,0.17431931946664836,2.4223428510525964,0.0,0.0,0.0
28,2.2816762239243866,0.40521573400395655,3.2049996012266693,1.0,0.09627344240138003,0.09627344240138003
29,2.05505890938382,0.6113593382798898,3.4718274206396496,0.0,0.0,0.0
35,2.0104426013763903,0.19114839715248516,2.266604285229785,2.0,0.35479619071583013,0.48022742067423785
43,2.387670905116803,0.3815299949432848,2.815715936834703,1.0,0.03149955623843814,0.03149955623843814
49,2.243172583523706,0.46903219246420597,3.347885619829236,1.0,0.25484146710076905,0.25484146710076905
55,2.1792184289687917,0.26392157088491175,2.7283036377140384,1.0,0.5847709971304744,0.5847709971304744
58,2.051388772570099,0.21239092076653723,2.4223428510525964,1.0,0.3352688317640049,0.3352688317640049
59,2.8069655038854773,1.036912752676284,4.545617957625835,0.0,0.0,0.0
68,2.8323705111847817,0.6404668252067719,3.4821327211177273,1.0,0.4423163528201819,0.4423163528201819
75,2.599303461050988,0.8179629334874897,4.070546110557486,1.0,0.1734881002549975,0.1734881002549975
80,2.09599375852904,0.356037389615475,2.685641563410752,1.0,0.0029574592693442092,0.0029574592693442092
83,2.6015251039209435,0.2395856221763967,3.1367956284654426,1.0,0.015025751323694436,0.015025751323694436
95,3.0056664592763536,0.850959785915052,4.215513570273403,1.0,0.1252802135594795,0.1252802135594795
100,2.1264854746469926,0.25164556417756306,2.4824735860769,1.0,0.07053087620763199,0.07053087620763199
106,2.2037787253202272,0.4884164718666369,2.949535851309845,0.0,0.0,0.0
107,2.6382603651784517,0.4223238866933481,3.1077363403904115,2.0,0.11974007875455195,0.2057260458653678
113,2.5546253167058683,0.5095422765613001,3.2398665656845105,0.0,0.0,0.0
121,3.4277463799283354,0.9705121568139513,5.109843317714522,1.0,0.4496077657522948,0.4496077657522948
122,3.017621821068631,0.45835678277304276,3.9122640048477053,0.0,0.0,0.0
123,2.594194469121226,0.4782715860030962,3.0551058513097664,1.0,0.12676151318115547,0.12676151318115547
126,2.5110316714349996,0.5736085463412638,3.599816985877721,0.0,0.0,0.0
134,2.6385665758824026,0.2407535988710796,3.023353236894074,1.0,0.08901279270893925,0.08901279270893925
135,2.59972859521538,0.2682763609783692,3.1367956284654426,1.0,0.08901279270893925,0.08901279270893925
150,2.5978313517447176,0.19441608194547344,2.819839060415619,2.0,0.4594012351362755,0.5484140278452148
154,2.6471589091222727,0.2620684791234059,3.1367956284654426,1.0,0.08901279270893925,0.08901279270893925
161,2.4359014023428918,0.23801799191144554,2.7990121567978905,3.0,0.24005184998010476,0.4731572611510999
164,2.5549797748518,0.17656782395759435,2.819839060415619,3.0,0.08901279270893925,0.19638321991215957
169,2.6112764528926236,0.2623059683374194,3.1367956284654426,1.0,0.08901279270893925,0.08901279270893925
171,2.592908446576124,0.27212520127811635,3.1367956284654426,1.0,0.08901279270893925,0.08901279270893925
172,2.5976171026160944,0.22731655936636072,2.995615887083651,3.0,0.13648432950997202,0.26722751129269895
173,2.473116405234979,0.41973091733348306,3.027577068079178,1.0,0.08901279270893925,0.08901279270893925
