model,split,source_id,observed,predicted
majority,validation,131,2,1
majority,validation,4,1,1
majority,validation,187,3,1
majority,validation,39,1,1
majority,validation,74,2,1
majority,validation,190,3,1
majority,validation,186,3,1
majority,validation,32,1,1
majority,validation,111,2,1
majority,validation,95,2,1
majority,validation,199,3,1
majority,validation,73,2,1
majority,validation,144,3,1
majority,validation,55,1,1
majority,validation,188,3,1
majority,validation,150,3,1
majority,validation,81,2,1
majority,validation,130,2,1
majority,validation,58,1,1
majority,validation,180,3,1
majority,validation,106,2,1
majority,validation,181,3,1
majority,validation,116,2,1
majority,validation,173,3,1
majority,validation,162,3,1
majority,validation,113,2,1
majority,validation,140,2,1
majority,validation,69,1,1
majority,validation,18,1,1
majority,validation,68,1,1
majority,validation,42,1,1
majority,validation,160,3,1
majority,validation,159,3,1
majority,validation,85,2,1
majority,validation,45,1,1
majority,validation,50,1,1
majority,validation,72,2,1
majority,validation,132,2,1
majority,validation,201,3,1
majority,validation,40,1,1
majority,validation,11,1,1
majority,validation,35,1,1
majority,test,104,2,1
majority,test,38,1,1
majority,test,204,3,1
majority,test,148,3,1
majority,test,21,1,1
majority,test,84,2,1
majority,test,103,2,1
majority,test,143,3,1
majority,test,77,2,1
majority,test,121,2,1
majority,test,138,2,1
majority,test,28,1,1
majority,test,156,3,1
majority,test,2,1,1
majority,test,89,2,1
majority,test,31,1,1
majority,test,195,3,1
majority,test,16,1,1
majority,test,184,3,1
majority,test,167,3,1
majority,test,23,1,1
majority,test,117,2,1
majority,test,142,3,1
majority,test,118,2,1
majority,test,139,2,1
majority,test,124,2,1
majority,test,5,1,1
majority,test,155,3,1
majority,test,107,2,1
majority,test,33,1,1
majority,test,165,3,1
majority,test,114,2,1
majority,test,56,1,1
majority,test,208,3,1
majority,test,46,1,1
majority,test,47,1,1
majority,test,75,2,1
majority,test,164,3,1
majority,test,200,3,1
majority,test,7,1,1
majority,test,8,1,1
majority,test,183,3,1
seven_features,validation,131,2,2
seven_features,validation,4,1,1
seven_features,validation,187,3,3
seven_features,validation,39,1,1
seven_features,validation,74,2,2
seven_features,validation,190,3,3
seven_features,validation,186,3,3
seven_features,validation,32,1,1
seven_features,validation,111,2,2
seven_features,validation,95,2,2
seven_features,validation,199,3,3
seven_features,validation,73,2,2
seven_features,validation,144,3,3
seven_features,validation,55,1,1
seven_features,validation,188,3,3
seven_features,validation,150,3,3
seven_features,validation,81,2,2
seven_features,validation,130,2,2
seven_features,validation,58,1,1
seven_features,validation,180,3,1
seven_features,validation,106,2,2
seven_features,validation,181,3,3
seven_features,validation,116,2,2
seven_features,validation,173,3,3
seven_features,validation,162,3,3
seven_features,validation,113,2,2
seven_features,validation,140,2,2
seven_features,validation,69,1,1
seven_features,validation,18,1,1
seven_features,validation,68,1,1
seven_features,validation,42,1,1
seven_features,validation,160,3,3
seven_features,validation,159,3,3
seven_features,validation,85,2,2
seven_features,validation,45,1,1
seven_features,validation,50,1,1
seven_features,validation,72,2,2
seven_features,validation,132,2,2
seven_features,validation,201,3,3
seven_features,validation,40,1,3
seven_features,validation,11,1,1
seven_features,validation,35,1,1
seven_features,test,104,2,2
seven_features,test,38,1,2
seven_features,test,204,3,3
seven_features,test,148,3,3
seven_features,test,21,1,1
seven_features,test,84,2,2
seven_features,test,103,2,2
seven_features,test,143,3,3
seven_features,test,77,2,2
seven_features,test,121,2,2
seven_features,test,138,2,1
seven_features,test,28,1,1
seven_features,test,156,3,3
seven_features,test,2,1,1
seven_features,test,89,2,2
seven_features,test,31,1,1
seven_features,test,195,3,3
seven_features,test,16,1,1
seven_features,test,184,3,3
seven_features,test,167,3,3
seven_features,test,23,1,1
seven_features,test,117,2,2
seven_features,test,142,3,3
seven_features,test,118,2,2
seven_features,test,139,2,1
seven_features,test,124,2,2
seven_features,test,5,1,1
seven_features,test,155,3,3
seven_features,test,107,2,2
seven_features,test,33,1,1
seven_features,test,165,3,3
seven_features,test,114,2,2
seven_features,test,56,1,1
seven_features,test,208,3,3
seven_features,test,46,1,1
seven_features,test,47,1,1
seven_features,test,75,2,2
seven_features,test,164,3,3
seven_features,test,200,3,1
seven_features,test,7,1,1
seven_features,test,8,1,1
seven_features,test,183,3,3
without_compactness,validation,131,2,2
without_compactness,validation,4,1,1
without_compactness,validation,187,3,3
without_compactness,validation,39,1,1
without_compactness,validation,74,2,2
without_compactness,validation,190,3,3
without_compactness,validation,186,3,3
without_compactness,validation,32,1,1
without_compactness,validation,111,2,2
without_compactness,validation,95,2,2
without_compactness,validation,199,3,3
without_compactness,validation,73,2,2
without_compactness,validation,144,3,3
without_compactness,validation,55,1,1
without_compactness,validation,188,3,3
without_compactness,validation,150,3,3
without_compactness,validation,81,2,2
without_compactness,validation,130,2,2
without_compactness,validation,58,1,1
without_compactness,validation,180,3,1
without_compactness,validation,106,2,2
without_compactness,validation,181,3,3
without_compactness,validation,116,2,2
without_compactness,validation,173,3,3
without_compactness,validation,162,3,3
without_compactness,validation,113,2,2
without_compactness,validation,140,2,2
without_compactness,validation,69,1,1
without_compactness,validation,18,1,1
without_compactness,validation,68,1,1
without_compactness,validation,42,1,1
without_compactness,validation,160,3,3
without_compactness,validation,159,3,3
without_compactness,validation,85,2,2
without_compactness,validation,45,1,1
without_compactness,validation,50,1,1
without_compactness,validation,72,2,2
without_compactness,validation,132,2,2
without_compactness,validation,201,3,3
without_compactness,validation,40,1,3
without_compactness,validation,11,1,1
without_compactness,validation,35,1,1
without_compactness,test,104,2,2
without_compactness,test,38,1,2
without_compactness,test,204,3,3
without_compactness,test,148,3,3
without_compactness,test,21,1,1
without_compactness,test,84,2,2
without_compactness,test,103,2,2
without_compactness,test,143,3,3
without_compactness,test,77,2,2
without_compactness,test,121,2,2
without_compactness,test,138,2,2
without_compactness,test,28,1,1
without_compactness,test,156,3,3
without_compactness,test,2,1,1
without_compactness,test,89,2,2
without_compactness,test,31,1,1
without_compactness,test,195,3,3
without_compactness,test,16,1,1
without_compactness,test,184,3,3
without_compactness,test,167,3,3
without_compactness,test,23,1,1
without_compactness,test,117,2,2
without_compactness,test,142,3,3
without_compactness,test,118,2,2
without_compactness,test,139,2,1
without_compactness,test,124,2,2
without_compactness,test,5,1,1
without_compactness,test,155,3,3
without_compactness,test,107,2,2
without_compactness,test,33,1,1
without_compactness,test,165,3,3
without_compactness,test,114,2,2
without_compactness,test,56,1,1
without_compactness,test,208,3,3
without_compactness,test,46,1,1
without_compactness,test,47,1,1
without_compactness,test,75,2,2
without_compactness,test,164,3,3
without_compactness,test,200,3,1
without_compactness,test,7,1,1
without_compactness,test,8,1,1
without_compactness,test,183,3,3
