source_id,split
1,train
2,test
3,train
4,validation
5,test
6,train
7,test
8,test
9,train
10,train
11,validation
12,train
13,train
14,train
15,train
16,test
17,train
18,validation
19,train
20,train
21,test
22,train
23,test
24,train
25,train
26,train
27,train
28,test
29,train
30,train
31,test
32,validation
33,test
34,train
35,validation
36,train
37,train
38,test
39,validation
40,validation
41,train
42,validation
43,train
44,train
45,validation
46,test
47,test
48,train
49,train
50,validation
51,train
52,train
53,train
54,train
55,validation
56,test
57,train
58,validation
59,train
60,train
61,train
62,train
63,train
64,train
65,train
66,train
67,train
68,validation
69,validation
70,train
71,train
72,validation
73,validation
74,validation
75,test
76,train
77,test
78,train
79,train
80,train
81,validation
82,train
83,train
84,test
85,validation
86,train
87,train
88,train
89,test
90,train
91,train
92,train
93,train
94,train
95,validation
96,train
97,train
98,train
99,train
100,train
101,train
102,train
103,test
104,test
105,train
106,validation
107,test
108,train
109,train
110,train
111,validation
112,train
113,validation
114,test
115,train
116,validation
117,test
118,test
119,train
120,train
121,test
122,train
123,train
124,test
125,train
126,train
127,train
128,train
129,train
130,validation
131,validation
132,validation
133,train
134,train
135,train
136,train
137,train
138,test
139,test
140,validation
141,train
142,test
143,test
144,validation
145,train
146,train
147,train
148,test
149,train
150,validation
151,train
152,train
153,train
154,train
155,test
156,test
157,train
158,train
159,validation
160,validation
161,train
162,validation
163,train
164,test
165,test
166,train
167,test
168,train
169,train
170,train
171,train
172,train
173,validation
174,train
175,train
176,train
177,train
178,train
179,train
180,validation
181,validation
182,train
183,test
184,test
185,train
186,validation
187,validation
188,validation
189,train
190,validation
191,train
192,train
193,train
194,train
195,test
196,train
197,train
198,train
199,validation
200,test
201,validation
202,train
203,train
204,test
205,train
206,train
207,train
208,test
209,train
210,train
